"","ScientificName","Longitude.X","Latitude.Y"
"16471","Hyalomma truncatum",15.83333333,-8.15
"16472","Hyalomma truncatum",14.13333333,-12.46666667
"16473","Hyalomma truncatum",12.2,-5.55
"16474","Hyalomma truncatum",15.18333333,-16.5
"16475","Hyalomma truncatum",13.95,-13.56666667
"16476","Hyalomma truncatum",15.26666667,-12.43333333
"16477","Hyalomma truncatum",16.1,-13.8
"16478","Hyalomma truncatum",14.08333333,-15.75
"16479","Hyalomma truncatum",13.68333333,-13.9
"16480","Hyalomma truncatum",15.4,-12.86666667
"16481","Hyalomma truncatum",13.25,-8.816666667
"16482","Hyalomma truncatum",17.23333333,-12.86666667
"16483","Hyalomma truncatum",13.5,-14.91666667
"16484","Hyalomma truncatum",16.11666667,-12.21666667
"16485","Hyalomma truncatum",19.08333333,-8.083333333
"16486","Hyalomma truncatum",15.2,-15.65
"16487","Hyalomma truncatum",16.23333333,-11.83333333
"16488","Hyalomma truncatum",14.68333333,-17.2
"16489","Hyalomma truncatum",15.23333333,-15.75
"16490","Hyalomma truncatum",15.51666667,-12.43333333
"16491","Hyalomma truncatum",14.55,-14.81666667
"16492","Hyalomma truncatum",14.25,-14.6
"16493","Hyalomma truncatum",16.05,-12.63333333
"16494","Hyalomma truncatum",2.416666667,11.16666667
"16495","Hyalomma truncatum",3.133333333,10.21666667
"16496","Hyalomma truncatum",2.433333333,6.35
"16497","Hyalomma truncatum",1.666666667,9.7
"16498","Hyalomma truncatum",2.733333333,10.4
"16499","Hyalomma truncatum",2.833333333,10.83333333
"16500","Hyalomma truncatum",0.916666667,10.78333333
"16501","Hyalomma truncatum",2.933333333,11.13333333
"16502","Hyalomma truncatum",3.183333333,12.06666667
"16503","Hyalomma truncatum",3.483333333,10.91666667
"16504","Hyalomma truncatum",3.383333333,11.86666667
"16505","Hyalomma truncatum",3.2,9.933333333
"16506","Hyalomma truncatum",2.616666667,9.35
"16507","Hyalomma truncatum",3.633333333,10.95
"16508","Hyalomma truncatum",3.7,10.93333333
"16509","Hyalomma truncatum",2.45,10.45
"16510","Hyalomma truncatum",2.383333333,10.18333333
"16511","Hyalomma truncatum",2.983333333,9.816666667
"16512","Hyalomma truncatum",1.266666667,10.61666667
"16513","Hyalomma truncatum",3.033333333,11.35
"16514","Hyalomma truncatum",2.6,8.683333333
"16515","Hyalomma truncatum",26.65,-21.58333333
"16516","Hyalomma truncatum",26.65,-21.58333333
"16517","Hyalomma truncatum",21.9452,-18.5429
"16518","Hyalomma truncatum",22.444,-20.1873
"16519","Hyalomma truncatum",23.107,-20.1647
"16520","Hyalomma truncatum",23.3371,-19.9407
"16521","Hyalomma truncatum",23.4236,-20.0968
"16522","Hyalomma truncatum",24.1484,-20.0729
"16523","Hyalomma truncatum",24.0335,-20.5719
"16524","Hyalomma truncatum",24.0569,-20.9366
"16525","Hyalomma truncatum",24.2882,-21.0688
"16526","Hyalomma truncatum",24.1839,-21.1518
"16527","Hyalomma truncatum",24.4342,-21.4533
"16528","Hyalomma truncatum",24.9252,-21.7658
"16529","Hyalomma truncatum",21.7624,-21.7645
"16530","Hyalomma truncatum",21.8887,-22.1989
"16531","Hyalomma truncatum",21.7568,-22.3055
"16532","Hyalomma truncatum",21.9545,-22.4545
"16533","Hyalomma truncatum",21.0999,-22.2768
"16534","Hyalomma truncatum",20.6848,-22.0488
"16535","Hyalomma truncatum",20.8763,-23.153
"16536","Hyalomma truncatum",25.1558,-17.843
"16537","Hyalomma truncatum",25.3445,-17.9904
"16538","Hyalomma truncatum",25.5909,-18.4954
"16539","Hyalomma truncatum",27.4585,-20.7658
"16540","Hyalomma truncatum",27.1078,-20.7432
"16541","Hyalomma truncatum",27.4792,-21.4578
"16542","Hyalomma truncatum",24.9666,-22.1722
"16543","Hyalomma truncatum",25.1038,-22.3252
"16544","Hyalomma truncatum",25.2722,-22.5788
"16545","Hyalomma truncatum",25.7278,-22.6654
"16546","Hyalomma truncatum",25.6495,-23.0688
"16547","Hyalomma truncatum",26.9134,-22.3864
"16548","Hyalomma truncatum",26.8834,-22.6926
"16549","Hyalomma truncatum",26.9516,-23.1654
"16550","Hyalomma truncatum",27.4685,-23.16
"16551","Hyalomma truncatum",26.881,-23.5037
"16552","Hyalomma truncatum",25.7447,-23.5641
"16553","Hyalomma truncatum",26.2347,-23.8709
"16554","Hyalomma truncatum",24.7292,-23.6327
"16555","Hyalomma truncatum",25.2845,-23.8401
"16556","Hyalomma truncatum",23.8224,-24.5041
"16557","Hyalomma truncatum",24.2878,-24.1951
"16558","Hyalomma truncatum",23.1428,-24.1895
"16559","Hyalomma truncatum",22.7527,-23.7642
"16560","Hyalomma truncatum",25.3941,-24.1486
"16561","Hyalomma truncatum",25.3539,-24.3738
"16562","Hyalomma truncatum",25.3587,-24.5336
"16563","Hyalomma truncatum",25.4181,-24.787
"16564","Hyalomma truncatum",25.4278,-24.9433
"16565","Hyalomma truncatum",25.7711,-24.39
"16566","Hyalomma truncatum",24.9374,-25.2426
"16567","Hyalomma truncatum",25.046,-25.4112
"16568","Hyalomma truncatum",25.3181,-25.6066
"16569","Hyalomma truncatum",24.3802,-25.6134
"16570","Hyalomma truncatum",26.2886,-24.6631
"16571","Hyalomma truncatum",28.415,-22.4971
"16572","Hyalomma truncatum",20.303,-23.1933
"16573","Hyalomma truncatum",20.1613,-22.9646
"16574","Hyalomma truncatum",20.0998,-22.3945
"16575","Hyalomma truncatum",20.3746,-22.1866
"16576","Hyalomma truncatum",20.5461,-22.1157
"16577","Hyalomma truncatum",20.8603,-22.0903
"16578","Hyalomma truncatum",21.7069,-21.7212
"16579","Hyalomma truncatum",21.6861,-21.6173
"16580","Hyalomma truncatum",21.7901,-21.5375
"16581","Hyalomma truncatum",22.0068,-21.6095
"16582","Hyalomma truncatum",22.0277,-21.7184
"16583","Hyalomma truncatum",27.5545,-20.7184
"16584","Hyalomma truncatum",27.5142,-21.1186
"16585","Hyalomma truncatum",28.3833,-21.9682
"16586","Hyalomma truncatum",26.6754,-22.2977
"16587","Hyalomma truncatum",26.3955,-22.4782
"16588","Hyalomma truncatum",25.8435,-23.3289
"16589","Hyalomma truncatum",26.1354,-23.6429
"16590","Hyalomma truncatum",26.1759,-23.8002
"16591","Hyalomma truncatum",26.45,-23.7644
"16592","Hyalomma truncatum",26.1448,-24.6131
"16593","Hyalomma truncatum",26.0501,-24.5293
"16594","Hyalomma truncatum",26.0174,-24.3973
"16595","Hyalomma truncatum",25.9148,-24.6247
"16596","Hyalomma truncatum",25.678,-25.1821
"16597","Hyalomma truncatum",25.7372,-25.0647
"16598","Hyalomma truncatum",25.3711,-24.9425
"16599","Hyalomma truncatum",25.1401,-25.1885
"16600","Hyalomma truncatum",25.6922,-24.6946
"16601","Hyalomma truncatum",25.054,-24.4374
"16602","Hyalomma truncatum",25.0285,-24.0419
"16603","Hyalomma truncatum",25.2586,-24.202
"16604","Hyalomma truncatum",25.515,-24.3598
"16605","Hyalomma truncatum",25.3823,-23.9252
"16606","Hyalomma truncatum",23.1444,-24.2993
"16607","Hyalomma truncatum",23.9317,-24.4666
"16608","Hyalomma truncatum",24.9386,-17.9042
"16609","Hyalomma truncatum",24.4393,-18.191
"16610","Hyalomma truncatum",23.9712,-18.5058
"16611","Hyalomma truncatum",24.3907,-18.7053
"16612","Hyalomma truncatum",21.8582,-18.426
"16613","Hyalomma truncatum",22.134,-18.7328
"16614","Hyalomma truncatum",22.2755,-18.688
"16615","Hyalomma truncatum",22.2495,-18.8811
"16616","Hyalomma truncatum",22.5606,-18.8734
"16617","Hyalomma truncatum",22.6685,-18.7654
"16618","Hyalomma truncatum",22.9171,-18.5784
"16619","Hyalomma truncatum",22.1302,-19.5721
"16620","Hyalomma truncatum",22.177,-19.692
"16621","Hyalomma truncatum",21.1078,-19.8569
"16622","Hyalomma truncatum",22.4676,-20.5906
"16623","Hyalomma truncatum",22.4057,-20.2451
"16624","Hyalomma truncatum",22.4528,-20.1288
"16625","Hyalomma truncatum",22.7053,-20.3945
"16626","Hyalomma truncatum",22.9296,-20.3211
"16627","Hyalomma truncatum",23.0842,-20.2741
"16628","Hyalomma truncatum",22.8899,-19.7637
"16629","Hyalomma truncatum",23.129,-19.4453
"16630","Hyalomma truncatum",23.59,-19.5132
"16631","Hyalomma truncatum",23.453,-19.9265
"16632","Hyalomma truncatum",23.5004,-20.2024
"16633","Hyalomma truncatum",23.7052,-20.3667
"16634","Hyalomma truncatum",23.8554,-20.2795
"16635","Hyalomma truncatum",-4.333333333,11.31666667
"16636","Hyalomma truncatum",-4.766666667,10.63333333
"16637","Hyalomma truncatum",-2.916666667,9.883333333
"16638","Hyalomma truncatum",0.283333333,13.63333333
"16639","Hyalomma truncatum",-3.516666667,10.31666667
"16640","Hyalomma truncatum",-3.416666667,12.85
"16641","Hyalomma truncatum",-4.3,11.2
"16642","Hyalomma truncatum",-1.533333333,12.33333333
"16643","Hyalomma truncatum",-0.283333333,12.71666667
"16644","Hyalomma truncatum",-3.25,10.96666667
"16645","Hyalomma truncatum",-0.033333333,14.03333333
"16646","Hyalomma truncatum",-3.766666667,11.21666667
"16647","Hyalomma truncatum",-4.416666667,11.85
"16648","Hyalomma truncatum",-0.566666667,11.8
"16649","Hyalomma truncatum",-3.55,11.18333333
"16650","Hyalomma truncatum",-3.516666667,11.5
"16651","Hyalomma truncatum",-3.616666667,11.38333333
"16652","Hyalomma truncatum",-3.01666666,10.56666667
"16653","Hyalomma truncatum",-3.7,11.23333333
"16654","Hyalomma truncatum",-3.7,11.23333333
"16655","Hyalomma truncatum",-3.266666667,10.93333333
"16656","Hyalomma truncatum",-3.383333333,12.76666667
"16657","Hyalomma truncatum",-4.816666667,10.85
"16658","Hyalomma truncatum",-4.95,10.83333333
"16659","Hyalomma truncatum",-1.516666667,12.36666667
"16660","Hyalomma truncatum",-1.15,11.16666667
"16661","Hyalomma truncatum",-4.466666667,11.46666667
"16662","Hyalomma truncatum",0.216666667,13.75
"16663","Hyalomma truncatum",-3.833333333,11.71666667
"16664","Hyalomma truncatum",-4.816666667,10.66666667
"16665","Hyalomma truncatum",-4.55,10.63333333
"16666","Hyalomma truncatum",-3.483333333,13.06666667
"16667","Hyalomma truncatum",-3.633333333,11.86666667
"16668","Hyalomma truncatum",-3.633333333,11.86666667
"16669","Hyalomma truncatum",-0.8,11.25
"16670","Hyalomma truncatum",-0.566666667,12.73333333
"16671","Hyalomma truncatum",-2.916666667,10.13333333
"16672","Hyalomma truncatum",29.95,-3.416666667
"16673","Hyalomma truncatum",13,7
"16674","Hyalomma truncatum",11.23333333,4.75
"16675","Hyalomma truncatum",14.68333333,12.71666667
"16676","Hyalomma truncatum",15.03333333,12.08333333
"16677","Hyalomma truncatum",13.4,9.3
"16678","Hyalomma truncatum",13.55,10.33333333
"16679","Hyalomma truncatum",13.6,8.083333333
"16680","Hyalomma truncatum",14.33333333,10.6
"16681","Hyalomma truncatum",11.5,3.516666667
"16682","Hyalomma truncatum",13.5,10.16666667
"16683","Hyalomma truncatum",14.33333333,10.35
"16684","Hyalomma truncatum",11.53333333,-4.166666667
"16685","Hyalomma truncatum",14.83333333,5.833333333
"16686","Hyalomma truncatum",18.58333333,4.366666667
"16687","Hyalomma truncatum",15.8,4.25
"16688","Hyalomma truncatum",15.65,5.983333333
"16689","Hyalomma truncatum",17.48333333,6.433333333
"16690","Hyalomma truncatum",15.63333333,5.966666667
"16691","Hyalomma truncatum",16.98333333,7.616666667
"16692","Hyalomma truncatum",20.05,5.733333333
"16693","Hyalomma truncatum",20.03333333,5.016666667
"16694","Hyalomma truncatum",16.03333333,3.533333333
"16695","Hyalomma truncatum",15.33333333,6.966666667
"16696","Hyalomma truncatum",42.7,11.16666667
"16697","Hyalomma truncatum",37.91666667,15.51666667
"16698","Hyalomma truncatum",39.06666667,15.33333333
"16699","Hyalomma truncatum",36.13333333,15.53333333
"16700","Hyalomma truncatum",41.93333333,9.383333333
"16701","Hyalomma truncatum",36.63333333,9.566666667
"16702","Hyalomma truncatum",43.56666667,8.216666667
"16703","Hyalomma truncatum",36.46666667,8.083333333
"16704","Hyalomma truncatum",41.53333333,5.966666667
"16705","Hyalomma truncatum",34.58333333,8.25
"16706","Hyalomma truncatum",42.11666667,9.316666667
"16707","Hyalomma truncatum",37.31666667,7.816666667
"16708","Hyalomma truncatum",36.6079,16.0293
"16709","Hyalomma truncatum",36.435,14.8317
"16710","Hyalomma truncatum",37.3918,14.0879
"16711","Hyalomma truncatum",36.4902,12.9216
"16712","Hyalomma truncatum",37.6572,12.2761
"16713","Hyalomma truncatum",37.2844,11.6789
"16714","Hyalomma truncatum",37.1113,11.193
"16715","Hyalomma truncatum",36.484,9.8461
"16716","Hyalomma truncatum",36.4771,9.2591
"16717","Hyalomma truncatum",38.1452,9.7286
"16718","Hyalomma truncatum",39.2633,13.3543
"16719","Hyalomma truncatum",39.3994,12.7393
"16720","Hyalomma truncatum",38.674,12.4978
"16721","Hyalomma truncatum",39.3262,12.1455
"16722","Hyalomma truncatum",39.1001,11.663
"16723","Hyalomma truncatum",40.9475,12.0078
"16724","Hyalomma truncatum",39.671,11.4392
"16725","Hyalomma truncatum",39.9082,10.8772
"16726","Hyalomma truncatum",39.8236,10.1719
"16727","Hyalomma truncatum",40.5684,10.1612
"16728","Hyalomma truncatum",41.7161,9.4094
"16729","Hyalomma truncatum",39.2776,9.4317
"16730","Hyalomma truncatum",38.5936,9.0519
"16731","Hyalomma truncatum",39.119,8.756
"16732","Hyalomma truncatum",39.5,8.2881
"16733","Hyalomma truncatum",37.9291,8.4355
"16734","Hyalomma truncatum",38.4272,7.6568
"16735","Hyalomma truncatum",39.0463,7.4998
"16736","Hyalomma truncatum",37.8113,6.7929
"16737","Hyalomma truncatum",37.2411,5.6504
"16738","Hyalomma truncatum",37.9926,5.094
"16739","Hyalomma truncatum",39.6713,4.836
"16740","Hyalomma truncatum",42.5955,9.3136
"16741","Hyalomma truncatum",42.1256,8.4788
"16742","Hyalomma truncatum",42.993,6.7128
"16743","Hyalomma truncatum",42.2255,5.7758
"16744","Hyalomma truncatum",43.2642,8.3117
"16745","Hyalomma truncatum",45.33333333,6.966666667
"16746","Hyalomma truncatum",-16.38333333,13.33333333
"16747","Hyalomma truncatum",-16.4555555,13.4
"16748","Hyalomma truncatum",16.68333333,13.48333333
"16749","Hyalomma truncatum",-16.58333333,13.45
"16750","Hyalomma truncatum",-16.58333333,13.45
"16751","Hyalomma truncatum",-0.216666667,5.55
"16752","Hyalomma truncatum",-0.25,11.05
"16753","Hyalomma truncatum",-1.616666667,6.683333333
"16754","Hyalomma truncatum",-1.85,9.216666667
"16755","Hyalomma truncatum",-0.833333333,9.4
"16756","Hyalomma truncatum",-1.333333333,9.7
"16757","Hyalomma truncatum",-12.85,10.06666667
"16758","Hyalomma truncatum",-8.683333333,10.98333333
"16759","Hyalomma truncatum",-10.51666667,9.266666667
"16760","Hyalomma truncatum",-9.166666667,11.41666667
"16761","Hyalomma truncatum",-16.03333333,12.08333333
"16762","Hyalomma truncatum",-16.16666667,12.26666667
"16763","Hyalomma truncatum",-16.03333333,12.06666667
"16764","Hyalomma truncatum",-3.483333333,6.733333333
"16765","Hyalomma truncatum",-4.033333333,5.316666667
"16766","Hyalomma truncatum",-4.033333333,5.333333333
"16767","Hyalomma truncatum",-3.866666667,6.1
"16768","Hyalomma truncatum",-5.15,8.233333333
"16769","Hyalomma truncatum",-4.216666667,5.933333333
"16770","Hyalomma truncatum",-4.216666667,5.933333333
"16771","Hyalomma truncatum",-5.033333333,7.683333333
"16772","Hyalomma truncatum",-3,9.266666667
"16773","Hyalomma truncatum",-8.15,7.266666667
"16774","Hyalomma truncatum",-5.933333333,6.133333333
"16775","Hyalomma truncatum",-5.1,8.183333333
"16776","Hyalomma truncatum",-5.633333333,9.45
"16777","Hyalomma truncatum",-7.55,7.4
"16778","Hyalomma truncatum",-5.633333333,7.883333333
"16779","Hyalomma truncatum",-5.616666667,5.883333333
"16780","Hyalomma truncatum",-7.566666667,9.5
"16781","Hyalomma truncatum",-3.966666667,5.25
"16782","Hyalomma truncatum",-5.916666667,6.616666667
"16783","Hyalomma truncatum",-5.216666667,7.166666667
"16784","Hyalomma truncatum",-4.916666667,8.183333333
"16785","Hyalomma truncatum",36.36666667,-1
"16786","Hyalomma truncatum",36.88333333,-1.416666667
"16787","Hyalomma truncatum",37.96666667,-1.766666667
"16788","Hyalomma truncatum",36.78333333,1.783333333
"16789","Hyalomma truncatum",35.08333333,1.25
"16790","Hyalomma truncatum",38.28333333,0.366666667
"16791","Hyalomma truncatum",39.8,-1.033333333
"16792","Hyalomma truncatum",39.51666667,2.783333333
"16793","Hyalomma truncatum",39.95,-1.1
"16794","Hyalomma truncatum",35.33333333,-1.9
"16795","Hyalomma truncatum",35.35,0.1
"16796","Hyalomma truncatum",35.35,0.1
"16797","Hyalomma truncatum",36.23333333,-0.333333333
"16798","Hyalomma truncatum",36.9,-1.25
"16799","Hyalomma truncatum",39.86666667,3.45
"16800","Hyalomma truncatum",36.91666667,1.666666667
"16801","Hyalomma truncatum",40.93333333,2.816666667
"16802","Hyalomma truncatum",35.71666667,0.05
"16803","Hyalomma truncatum",36.15,-0.483333333
"16804","Hyalomma truncatum",38.51666667,0.533333333
"16805","Hyalomma truncatum",39.63333333,-0.466666667
"16806","Hyalomma truncatum",36.86666667,0.566666667
"16807","Hyalomma truncatum",36.85,3.066666667
"16808","Hyalomma truncatum",39.48333333,1.016666667
"16809","Hyalomma truncatum",37.58333333,0.35
"16810","Hyalomma truncatum",36.78333333,-1.85
"16811","Hyalomma truncatum",35.28333333,-1.266666667
"16812","Hyalomma truncatum",35.01666667,1.483333333
"16813","Hyalomma truncatum",35.93333333,-0.133333333
"16814","Hyalomma truncatum",36.78333333,-0.05
"16815","Hyalomma truncatum",36.66666667,-0.2
"16816","Hyalomma truncatum",40.2,-2.633333333
"16817","Hyalomma truncatum",37.83333333,-1.083333333
"16818","Hyalomma truncatum",36.56666667,-1.05
"16819","Hyalomma truncatum",36.56666667,-0.933333333
"16820","Hyalomma truncatum",37.5,0.433333333
"16821","Hyalomma truncatum",36.83333333,-0.75
"16822","Hyalomma truncatum",37.41666667,0.116666667
"16823","Hyalomma truncatum",37.8,1.6
"16824","Hyalomma truncatum",39.83333333,1.3
"16825","Hyalomma truncatum",35.71666667,-1.866666667
"16826","Hyalomma truncatum",35.41666667,-1.083333333
"16827","Hyalomma truncatum",36.81666667,-0.2
"16828","Hyalomma truncatum",37.48333333,-2.533333333
"16829","Hyalomma truncatum",37.5,-2.933333333
"16830","Hyalomma truncatum",35.65,2.383333333
"16831","Hyalomma truncatum",36.43333333,-0.866666667
"16832","Hyalomma truncatum",35.96666667,1.733333333
"16833","Hyalomma truncatum",36.28333333,-1.9
"16834","Hyalomma truncatum",40.53333333,-2.383333333
"16835","Hyalomma truncatum",41.86666667,3.933333333
"16836","Hyalomma truncatum",36.86666667,-1.216666667
"16837","Hyalomma truncatum",36.7,1.1
"16838","Hyalomma truncatum",37.98333333,2.333333333
"16839","Hyalomma truncatum",37.55,-2.366666667
"16840","Hyalomma truncatum",36.45,-2.366666667
"16841","Hyalomma truncatum",40.85,-2.233333333
"16842","Hyalomma truncatum",37.36666667,-1.05
"16843","Hyalomma truncatum",36.1,-1.5
"16844","Hyalomma truncatum",39.05,3.533333333
"16845","Hyalomma truncatum",36.9,-0.316666667
"16846","Hyalomma truncatum",36.36666667,0.033333333
"16847","Hyalomma truncatum",36.43333333,-0.716666667
"16848","Hyalomma truncatum",35.56666667,-1.283333333
"16849","Hyalomma truncatum",37.06666667,0.016666667
"16850","Hyalomma truncatum",36.93333333,0.35
"16851","Hyalomma truncatum",35,1.016666667
"16852","Hyalomma truncatum",37.36666667,0.25
"16853","Hyalomma truncatum",35.51666667,-1.016666667
"16854","Hyalomma truncatum",37.06666667,-3.316666667
"16855","Hyalomma truncatum",35.85,-0.166666667
"16856","Hyalomma truncatum",36.53333333,0.266666667
"16857","Hyalomma truncatum",35.56666667,1.566666667
"16858","Hyalomma truncatum",36.96666667,-0.266666667
"16859","Hyalomma truncatum",35.15,0.666666667
"16860","Hyalomma truncatum",35.28333333,0.95
"16861","Hyalomma truncatum",37,-1.583333333
"16862","Hyalomma truncatum",36.28333333,0.8
"16863","Hyalomma truncatum",37.08333333,-1.05
"16864","Hyalomma truncatum",37.23333333,0.083333333
"16865","Hyalomma truncatum",35.05,0.633333333
"16866","Hyalomma truncatum",40.06666667,1.75
"16867","Hyalomma truncatum",37.31666667,0.983333333
"16868","Hyalomma truncatum",33.73333333,-12.75
"16869","Hyalomma truncatum",33.98333333,-13.68333333
"16870","Hyalomma truncatum",32.01666667,-13.68333333
"16871","Hyalomma truncatum",33.98333333,-13.68333333
"16872","Hyalomma truncatum",32.5,-11.5
"16873","Hyalomma truncatum",33.6,-11.9
"16874","Hyalomma truncatum",33.3866,-11.293
"16875","Hyalomma truncatum",33.4667,-11.7578
"16876","Hyalomma truncatum",33.475,-11.909
"16877","Hyalomma truncatum",33.3126,-12.056
"16878","Hyalomma truncatum",33.3849,-12.2138
"16879","Hyalomma truncatum",33.5447,-12.4324
"16880","Hyalomma truncatum",33.3066,-12.9713
"16881","Hyalomma truncatum",33.7905,-13.1888
"16882","Hyalomma truncatum",33.6344,-13.35
"16883","Hyalomma truncatum",33.7148,-13.4167
"16884","Hyalomma truncatum",33.6383,-13.8008
"16885","Hyalomma truncatum",33.7132,-13.1197
"16886","Hyalomma truncatum",33.9549,-13.8834
"16887","Hyalomma truncatum",34.2123,-14.0478
"16888","Hyalomma truncatum",33.6451,-14.4138
"16889","Hyalomma truncatum",33.3167,-14.1071
"16890","Hyalomma truncatum",34.58333333,-16.41666667
"16891","Hyalomma truncatum",-3.566666667,15.06666667
"16892","Hyalomma truncatum",-8,12.65
"16893","Hyalomma truncatum",-6.483333333,13.21666667
"16894","Hyalomma truncatum",-4.716666667,13.43333333
"16895","Hyalomma truncatum",-6.5,12.83333333
"16896","Hyalomma truncatum",-7.966666667,13.66666667
"16897","Hyalomma truncatum",-0.05,16.26666667
"16898","Hyalomma truncatum",-9.9,15.11666667
"16899","Hyalomma truncatum",-4.966666667,14.6
"16900","Hyalomma truncatum",-2.366666667,15.21666667
"16901","Hyalomma truncatum",-9.716666667,15.4
"16902","Hyalomma truncatum",-4,15.93333333
"16903","Hyalomma truncatum",-6,14.25
"16904","Hyalomma truncatum",-9.583333333,15.23333333
"16905","Hyalomma truncatum",-10.9562,14.7028
"16906","Hyalomma truncatum",-10.9839,14.5454
"16907","Hyalomma truncatum",-11.3671,14.5343
"16908","Hyalomma truncatum",-11.7246,14.5944
"16909","Hyalomma truncatum",-11.768,14.274
"16910","Hyalomma truncatum",-11.7681,13.6544
"16911","Hyalomma truncatum",-11.4245,13.5099
"16912","Hyalomma truncatum",-11.1875,12.9026
"16913","Hyalomma truncatum",-11.2686,12.3088
"16914","Hyalomma truncatum",-10.6166,13.5886
"16915","Hyalomma truncatum",-10.9109,13.8475
"16916","Hyalomma truncatum",-10.7924,13.8125
"16917","Hyalomma truncatum",-10.7509,13.9119
"16918","Hyalomma truncatum",-9.554,13.8969
"16919","Hyalomma truncatum",-8.4538,14.3196
"16920","Hyalomma truncatum",-8.4973,14.0348
"16921","Hyalomma truncatum",-7.5295,13.8166
"16922","Hyalomma truncatum",-7.3953,13.5589
"16923","Hyalomma truncatum",-7.5886,15.0725
"16924","Hyalomma truncatum",-7.0869,15.1909
"16925","Hyalomma truncatum",-6.0263,14.8945
"16926","Hyalomma truncatum",-5.9296,14.8182
"16927","Hyalomma truncatum",-5.4496,15.3203
"16928","Hyalomma truncatum",-9.3348,13.3157
"16929","Hyalomma truncatum",-9.2756,13.2224
"16930","Hyalomma truncatum",-9.3862,13.1826
"16931","Hyalomma truncatum",-9.5126,13.0434
"16932","Hyalomma truncatum",-9.327,12.638
"16933","Hyalomma truncatum",-8.9537,12.9113
"16934","Hyalomma truncatum",-8.7305,13.0995
"16935","Hyalomma truncatum",-8.8707,13.4171
"16936","Hyalomma truncatum",-8.5408,13.5572
"16937","Hyalomma truncatum",-8.3848,13.4007
"16938","Hyalomma truncatum",-7.7094,12.8254
"16939","Hyalomma truncatum",-7.9958,12.5675
"16940","Hyalomma truncatum",-8.1124,12.3835
"16941","Hyalomma truncatum",-7.9464,12.3955
"16942","Hyalomma truncatum",-7.7785,12.5274
"16943","Hyalomma truncatum",-7.5889,12.4422
"16944","Hyalomma truncatum",-7.7015,12.3162
"16945","Hyalomma truncatum",-7.7136,10.5769
"16946","Hyalomma truncatum",-7.5418,10.6302
"16947","Hyalomma truncatum",-6.7002,11.8304
"16948","Hyalomma truncatum",-6.5581,11.041
"16949","Hyalomma truncatum",-6.7931,11.0343
"16950","Hyalomma truncatum",-6.9769,10.7189
"16951","Hyalomma truncatum",-6.8426,10.7589
"16952","Hyalomma truncatum",-6.9828,10.4306
"16953","Hyalomma truncatum",-6.0267,11.6613
"16954","Hyalomma truncatum",-6.0425,11.562
"16955","Hyalomma truncatum",-5.9102,11.6432
"16956","Hyalomma truncatum",-5.9063,11.5346
"16957","Hyalomma truncatum",-5.6752,11.2904
"16958","Hyalomma truncatum",-5.4777,11.1753
"16959","Hyalomma truncatum",-6.3781,13.3727
"16960","Hyalomma truncatum",-6.2003,13.4671
"16961","Hyalomma truncatum",-6.0147,13.3819
"16962","Hyalomma truncatum",-6.1944,13.2762
"16963","Hyalomma truncatum",-6.1905,13.3848
"16964","Hyalomma truncatum",-6.0284,14.2449
"16965","Hyalomma truncatum",-5.8605,14.2251
"16966","Hyalomma truncatum",-5.7894,14.3359
"16967","Hyalomma truncatum",-5.4339,13.9893
"16968","Hyalomma truncatum",-5.0013,14.2216
"16969","Hyalomma truncatum",-4.9856,14.1412
"16970","Hyalomma truncatum",-4.8433,14.4938
"16971","Hyalomma truncatum",-4.4937,14.941
"16972","Hyalomma truncatum",-4.154,14.5476
"16973","Hyalomma truncatum",-4.5116,13.9656
"16974","Hyalomma truncatum",-4.4938,13.8608
"16975","Hyalomma truncatum",-3.5734,13.8801
"16976","Hyalomma truncatum",-3.048,13.935
"16977","Hyalomma truncatum",-2.9907,14.0514
"16978","Hyalomma truncatum",-2.6055,14.4931
"16979","Hyalomma truncatum",-2.7812,14.979
"16980","Hyalomma truncatum",-2.1591,15.0924
"16981","Hyalomma truncatum",-11.3794,13.2886
"16982","Hyalomma truncatum",-9.8174,12.8081
"16983","Hyalomma truncatum",-9.5879,12.8277
"16984","Hyalomma truncatum",-9.9438,12.5552
"16985","Hyalomma truncatum",-9.6332,12.5123
"16986","Hyalomma truncatum",-9.7767,12.4142
"16987","Hyalomma truncatum",-9.1705,12.4025
"16988","Hyalomma truncatum",-7.5768,12.5191
"16989","Hyalomma truncatum",-6.2866,13.1906
"16990","Hyalomma truncatum",-7.7295,10.553
"16991","Hyalomma truncatum",-7.5908,10.5785
"16992","Hyalomma truncatum",-7.4713,10.5753
"16993","Hyalomma truncatum",-4.9,13.3
"16994","Hyalomma truncatum",-6.266666667,13.45
"16995","Hyalomma truncatum",-6.233333333,13.61666667
"16996","Hyalomma truncatum",-7.933333333,12.65
"16997","Hyalomma truncatum",-9.616666667,16.66666667
"16998","Hyalomma truncatum",-14.26666667,16.58333333
"16999","Hyalomma truncatum",-9.683333333,15.75
"17000","Hyalomma truncatum",-14.03333333,16.7
"17001","Hyalomma truncatum",-10.11666667,15.53333333
"17002","Hyalomma truncatum",31.33333333,-22.43333333
"17003","Hyalomma truncatum",33.16666667,-25.16666667
"17004","Hyalomma truncatum",31.68333333,-22.58333333
"17005","Hyalomma truncatum",33.96666667,-21.28333333
"17006","Hyalomma truncatum",33.5,-19
"17007","Hyalomma truncatum",33.45,-23.35
"17008","Hyalomma truncatum",34,-22
"17009","Hyalomma truncatum",34.95,-23.83333333
"17010","Hyalomma truncatum",36.66666667,-16.68333333
"17011","Hyalomma truncatum",35,-20.96666667
"17012","Hyalomma truncatum",32.5,-24.75
"17013","Hyalomma truncatum",37.25,-14.75
"17014","Hyalomma truncatum",32.75,-25.25
"17015","Hyalomma truncatum",32.95,-21.53333333
"17016","Hyalomma truncatum",40.66666667,-15
"17017","Hyalomma truncatum",35.75,-17
"17018","Hyalomma truncatum",33,-21
"17019","Hyalomma truncatum",37,-14.88333333
"17020","Hyalomma truncatum",33.86666667,-21.43333333
"17021","Hyalomma truncatum",23,-18
"17022","Hyalomma truncatum",16,-19
"17023","Hyalomma truncatum",16.15,-20.11666667
"17024","Hyalomma truncatum",0.916666667,14.73333333
"17025","Hyalomma truncatum",3.316666667,14.35
"17026","Hyalomma truncatum",1.783333333,13.66666667
"17027","Hyalomma truncatum",7.983333333,13.75
"17028","Hyalomma truncatum",1.45,14.21666667
"17029","Hyalomma truncatum",8.983333333,13.8
"17030","Hyalomma truncatum",7.183333333,9.166666667
"17031","Hyalomma truncatum",8.4,10.96666667
"17032","Hyalomma truncatum",12.93333333,11.85
"17033","Hyalomma truncatum",2.883333333,6.416666667
"17034","Hyalomma truncatum",13.68333333,11.51666667
"17035","Hyalomma truncatum",9.833333333,10.31666667
"17036","Hyalomma truncatum",7.216666667,10.58333333
"17037","Hyalomma truncatum",12.2,10.61666667
"17038","Hyalomma truncatum",9,9.3
"17039","Hyalomma truncatum",5.466666667,12.13333333
"17040","Hyalomma truncatum",4.016666667,12.08333333
"17041","Hyalomma truncatum",10.41666667,11
"17042","Hyalomma truncatum",7.15,11.63333333
"17043","Hyalomma truncatum",7.316666667,11.53333333
"17044","Hyalomma truncatum",6.483333333,12.28333333
"17045","Hyalomma truncatum",7.55,10.06666667
"17046","Hyalomma truncatum",11.16666667,10.28333333
"17047","Hyalomma truncatum",12.8,11.01666667
"17048","Hyalomma truncatum",6.666666667,12.16666667
"17049","Hyalomma truncatum",10.65,10.88333333
"17050","Hyalomma truncatum",4.55,8.5
"17051","Hyalomma truncatum",8.9,9.916666667
"17052","Hyalomma truncatum",7.733333333,12.51666667
"17053","Hyalomma truncatum",8.516666667,12
"17054","Hyalomma truncatum",8.35,11.03333333
"17055","Hyalomma truncatum",10.35,12.28333333
"17056","Hyalomma truncatum",9.65,12.28333333
"17057","Hyalomma truncatum",9.65,12.28333333
"17058","Hyalomma truncatum",9.15,12.83333333
"17059","Hyalomma truncatum",11.55,11.95
"17060","Hyalomma truncatum",6.466666667,13
"17061","Hyalomma truncatum",12.46666667,9.333333333
"17062","Hyalomma truncatum",13.41666667,11.65
"17063","Hyalomma truncatum",8.75,9.4
"17064","Hyalomma truncatum",4.566666667,8.383333333
"17065","Hyalomma truncatum",8.233333333,13.18333333
"17066","Hyalomma truncatum",13.15,11.85
"17067","Hyalomma truncatum",8.983333333,9.716666667
"17068","Hyalomma truncatum",12.05,9.05
"17069","Hyalomma truncatum",6.55,9.616666667
"17070","Hyalomma truncatum",13.26666667,10.26666667
"17071","Hyalomma truncatum",5.85,9.8
"17072","Hyalomma truncatum",12.03333333,9.466666667
"17073","Hyalomma truncatum",3.516666667,8.033333333
"17074","Hyalomma truncatum",11.06666667,11.71666667
"17075","Hyalomma truncatum",12,9.9
"17076","Hyalomma truncatum",9.533333333,8.883333333
"17077","Hyalomma truncatum",5.25,13.06666667
"17078","Hyalomma truncatum",2.933333333,6.416666667
"17079","Hyalomma truncatum",9.066666667,10.05
"17080","Hyalomma truncatum",12.05,8.116666667
"17081","Hyalomma truncatum",8.783333333,9.733333333
"17082","Hyalomma truncatum",8.85,11.81666667
"17083","Hyalomma truncatum",5.433333333,13.3
"17084","Hyalomma truncatum",5.85,9.8
"17085","Hyalomma truncatum",9.783333333,9.966666667
"17086","Hyalomma truncatum",27.81666667,-26.21666667
"17087","Hyalomma truncatum",31.86666667,-28.13333333
"17088","Hyalomma truncatum",31.91666667,-25.11666667
"17089","Hyalomma truncatum",31.78333333,-24.4
"17090","Hyalomma truncatum",24.68333333,-32.25
"17091","Hyalomma truncatum",27.81666667,-26.18333333
"17092","Hyalomma truncatum",32.25,-26.91666667
"17093","Hyalomma truncatum",17.3804,-29.7769
"17094","Hyalomma truncatum",17.5732,-30.0191
"17095","Hyalomma truncatum",17.3143,-30.4078
"17096","Hyalomma truncatum",17.5872,-30.5512
"17097","Hyalomma truncatum",17.9094,-30.411
"17098","Hyalomma truncatum",18.2167,-30.3939
"17099","Hyalomma truncatum",17.9655,-30.182
"17100","Hyalomma truncatum",18.1476,-30.1253
"17101","Hyalomma truncatum",18.4294,-29.3188
"17102","Hyalomma truncatum",18.5915,-30.6338
"17103","Hyalomma truncatum",18.3496,-31.1892
"17104","Hyalomma truncatum",18.3906,-31.7465
"17105","Hyalomma truncatum",18.6019,-31.7568
"17106","Hyalomma truncatum",19.1642,-31.4369
"17107","Hyalomma truncatum",19.1252,-31.297
"17108","Hyalomma truncatum",19.3113,-31.279
"17109","Hyalomma truncatum",19.5402,-30.9643
"17110","Hyalomma truncatum",18.9849,-29.0747
"17111","Hyalomma truncatum",19.9441,-28.8009
"17112","Hyalomma truncatum",20.0971,-26.9101
"17113","Hyalomma truncatum",20.6159,-26.8874
"17114","Hyalomma truncatum",21.0101,-27.0683
"17115","Hyalomma truncatum",20.0762,-27.5709
"17116","Hyalomma truncatum",20.5726,-27.8719
"17117","Hyalomma truncatum",20.4552,-28.0414
"17118","Hyalomma truncatum",20.4004,-28.5802
"17119","Hyalomma truncatum",20.752,-28.4439
"17120","Hyalomma truncatum",20.861,-28.5557
"17121","Hyalomma truncatum",21.197,-28.3218
"17122","Hyalomma truncatum",21.4573,-28.1722
"17123","Hyalomma truncatum",21.8184,-28.2512
"17124","Hyalomma truncatum",21.7047,-28.4471
"17125","Hyalomma truncatum",20.5594,-29.2222
"17126","Hyalomma truncatum",20.8912,-29.1409
"17127","Hyalomma truncatum",20.9832,-29.2736
"17128","Hyalomma truncatum",20.2344,-30.0225
"17129","Hyalomma truncatum",20.6847,-29.9758
"17130","Hyalomma truncatum",20.1042,-30.1764
"17131","Hyalomma truncatum",20.2801,-30.6597
"17132","Hyalomma truncatum",20.8737,-30.4429
"17133","Hyalomma truncatum",20.6923,-31.1648
"17134","Hyalomma truncatum",19.9481,-31.465
"17135","Hyalomma truncatum",22.0292,-28.8609
"17136","Hyalomma truncatum",21.9729,-28.9038
"17137","Hyalomma truncatum",21.9329,-28.9832
"17138","Hyalomma truncatum",21.8762,-29.0654
"17139","Hyalomma truncatum",21.7538,-29.059
"17140","Hyalomma truncatum",21.6303,-29.2407
"17141","Hyalomma truncatum",21.9471,-29.276
"17142","Hyalomma truncatum",21.884,-29.4204
"17143","Hyalomma truncatum",22.1659,-29.3648
"17144","Hyalomma truncatum",22.03,-29.4971
"17145","Hyalomma truncatum",21.839,-30.1571
"17146","Hyalomma truncatum",22.6955,-28.4885
"17147","Hyalomma truncatum",23.6105,-28.5118
"17148","Hyalomma truncatum",23.1292,-28.2192
"17149","Hyalomma truncatum",24.0625,-28.0897
"17150","Hyalomma truncatum",23.828,-27.96
"17151","Hyalomma truncatum",23.1706,-27.481
"17152","Hyalomma truncatum",23.8012,-27.2067
"17153","Hyalomma truncatum",23.8407,-26.8458
"17154","Hyalomma truncatum",23.0132,-26.2447
"17155","Hyalomma truncatum",23.1855,-25.9421
"17156","Hyalomma truncatum",23.5187,-25.427
"17157","Hyalomma truncatum",19.7558,-31.6725
"17158","Hyalomma truncatum",19.9035,-31.7628
"17159","Hyalomma truncatum",20.1098,-31.9841
"17160","Hyalomma truncatum",19.5348,-31.9766
"17161","Hyalomma truncatum",19.3239,-32.0733
"17162","Hyalomma truncatum",19.5896,-32.3182
"17163","Hyalomma truncatum",20.3184,-32.1604
"17164","Hyalomma truncatum",19.965,-32.4238
"17165","Hyalomma truncatum",20.3843,-32.3075
"17166","Hyalomma truncatum",20.5254,-32.0089
"17167","Hyalomma truncatum",20.7203,-32.3708
"17168","Hyalomma truncatum",20.7945,-32.2037
"17169","Hyalomma truncatum",20.7037,-32.5538
"17170","Hyalomma truncatum",21.4197,-31.8631
"17171","Hyalomma truncatum",18.8762,-32.0077
"17172","Hyalomma truncatum",18.9371,-32.1331
"17173","Hyalomma truncatum",18.4221,-32.1726
"17174","Hyalomma truncatum",18.5501,-32.341
"17175","Hyalomma truncatum",18.7192,-32.4426
"17176","Hyalomma truncatum",18.8419,-32.5213
"17177","Hyalomma truncatum",18.5336,-32.599
"17178","Hyalomma truncatum",18.9424,-32.7839
"17179","Hyalomma truncatum",19.1892,-32.7364
"17180","Hyalomma truncatum",19.389,-32.4309
"17181","Hyalomma truncatum",19.3852,-33.1862
"17182","Hyalomma truncatum",19.3961,-33.276
"17183","Hyalomma truncatum",19.4678,-33.3692
"17184","Hyalomma truncatum",19.7492,-33.3353
"17185","Hyalomma truncatum",19.9842,-33.0919
"17186","Hyalomma truncatum",18.2633,-33.2741
"17187","Hyalomma truncatum",18.7428,-33.3497
"17188","Hyalomma truncatum",18.5953,-33.6397
"17189","Hyalomma truncatum",18.5471,-33.7711
"17190","Hyalomma truncatum",18.6679,-33.7686
"17191","Hyalomma truncatum",18.5968,-33.905
"17192","Hyalomma truncatum",18.6446,-34.0285
"17193","Hyalomma truncatum",18.7968,-34.1432
"17194","Hyalomma truncatum",18.9204,-33.9946
"17195","Hyalomma truncatum",19.094,-33.9296
"17196","Hyalomma truncatum",19.0072,-34.1375
"17197","Hyalomma truncatum",19.1423,-34.2139
"17198","Hyalomma truncatum",19.2481,-34.0702
"17199","Hyalomma truncatum",19.0958,-33.605
"17200","Hyalomma truncatum",19.4167,-33.735
"17201","Hyalomma truncatum",19.6462,-33.7201
"17202","Hyalomma truncatum",19.5489,-33.8992
"17203","Hyalomma truncatum",19.8807,-33.7925
"17204","Hyalomma truncatum",19.778,-33.9102
"17205","Hyalomma truncatum",19.4298,-34.2058
"17206","Hyalomma truncatum",19.9198,-34.1508
"17207","Hyalomma truncatum",20.0435,-34.0399
"17208","Hyalomma truncatum",20.1706,-34.1302
"17209","Hyalomma truncatum",20.2382,-34.2544
"17210","Hyalomma truncatum",20.2907,-34.5719
"17211","Hyalomma truncatum",19.7151,-34.7078
"17212","Hyalomma truncatum",20.0745,-33.7722
"17213","Hyalomma truncatum",20.3448,-33.7523
"17214","Hyalomma truncatum",20.4823,-33.6157
"17215","Hyalomma truncatum",20.4502,-34.0935
"17216","Hyalomma truncatum",20.4668,-34.3312
"17217","Hyalomma truncatum",20.7786,-34.3034
"17218","Hyalomma truncatum",20.7422,-34.4274
"17219","Hyalomma truncatum",20.926,-34.3658
"17220","Hyalomma truncatum",20.882,-34.1946
"17221","Hyalomma truncatum",21.0044,-34.1613
"17222","Hyalomma truncatum",21.2801,-34.2287
"17223","Hyalomma truncatum",21.3641,-34.2501
"17224","Hyalomma truncatum",21.4283,-34.3709
"17225","Hyalomma truncatum",21.5503,-34.1452
"17226","Hyalomma truncatum",21.7906,-34.2715
"17227","Hyalomma truncatum",22.151,-34.0898
"17228","Hyalomma truncatum",22.7173,-33.8186
"17229","Hyalomma truncatum",23.1454,-33.6808
"17230","Hyalomma truncatum",23.313,-33.5783
"17231","Hyalomma truncatum",23.5174,-33.5963
"17232","Hyalomma truncatum",23.9348,-33.765
"17233","Hyalomma truncatum",24.3308,-33.8794
"17234","Hyalomma truncatum",24.2522,-33.2733
"17235","Hyalomma truncatum",23.7586,-33.3094
"17236","Hyalomma truncatum",23.6198,-33.3336
"17237","Hyalomma truncatum",23.4905,-33.2505
"17238","Hyalomma truncatum",23.4861,-32.9174
"17239","Hyalomma truncatum",23.3493,-33.3577
"17240","Hyalomma truncatum",23.2493,-33.2458
"17241","Hyalomma truncatum",23.1331,-33.3822
"17242","Hyalomma truncatum",22.5609,-33.5428
"17243","Hyalomma truncatum",22.9356,-32.2177
"17244","Hyalomma truncatum",22.9451,-32.3462
"17245","Hyalomma truncatum",22.9041,-32.5849
"17246","Hyalomma truncatum",22.1919,-33.5861
"17247","Hyalomma truncatum",22.0347,-33.5085
"17248","Hyalomma truncatum",22.2182,-33.4506
"17249","Hyalomma truncatum",22.3068,-33.3492
"17250","Hyalomma truncatum",22.3622,-33.2207
"17251","Hyalomma truncatum",22.0321,-33.2686
"17252","Hyalomma truncatum",22.3092,-32.9631
"17253","Hyalomma truncatum",22.1058,-32.6951
"17254","Hyalomma truncatum",21.5846,-32.6888
"17255","Hyalomma truncatum",21.6582,-32.3422
"17256","Hyalomma truncatum",20.9376,-33.8429
"17257","Hyalomma truncatum",21.0192,-33.7448
"17258","Hyalomma truncatum",21.2195,-33.5507
"17259","Hyalomma truncatum",22.4471,-32.0014
"17260","Hyalomma truncatum",22.3547,-31.6547
"17261","Hyalomma truncatum",21.5128,-32.3608
"17262","Hyalomma truncatum",23.4548,-31.6935
"17263","Hyalomma truncatum",22.9689,-30.9918
"17264","Hyalomma truncatum",22.9617,-30.8139
"17265","Hyalomma truncatum",22.6915,-30.6392
"17266","Hyalomma truncatum",21.8951,-30.5579
"17267","Hyalomma truncatum",22.1279,-30.5604
"17268","Hyalomma truncatum",22.1213,-30.7576
"17269","Hyalomma truncatum",21.8184,-30.8529
"17270","Hyalomma truncatum",21.9489,-30.9334
"17271","Hyalomma truncatum",21.571,-31.108
"17272","Hyalomma truncatum",23.0003,-30.5079
"17273","Hyalomma truncatum",23.108,-30.4231
"17274","Hyalomma truncatum",23.1605,-30.5253
"17275","Hyalomma truncatum",23.0851,-30.6335
"17276","Hyalomma truncatum",23.3945,-30.5562
"17277","Hyalomma truncatum",23.6153,-30.4142
"17278","Hyalomma truncatum",23.7221,-30.4477
"17279","Hyalomma truncatum",23.879,-30.3917
"17280","Hyalomma truncatum",22.9535,-29.4776
"17281","Hyalomma truncatum",22.9283,-29.6315
"17282","Hyalomma truncatum",23.1569,-29.4706
"17283","Hyalomma truncatum",23.3535,-29.4056
"17284","Hyalomma truncatum",23.9562,-29.4598
"17285","Hyalomma truncatum",23.8253,-29.4693
"17286","Hyalomma truncatum",23.7136,-29.5036
"17287","Hyalomma truncatum",23.61,-29.5322
"17288","Hyalomma truncatum",24.1916,-29.6341
"17289","Hyalomma truncatum",23.7754,-29.8456
"17290","Hyalomma truncatum",23.7502,-29.9742
"17291","Hyalomma truncatum",23.6018,-29.887
"17292","Hyalomma truncatum",23.4585,-29.9594
"17293","Hyalomma truncatum",23.4535,-29.8062
"17294","Hyalomma truncatum",24.3281,-29.9097
"17295","Hyalomma truncatum",24.513,-29.8165
"17296","Hyalomma truncatum",24.6097,-29.9003
"17297","Hyalomma truncatum",24.68,-30.0714
"17298","Hyalomma truncatum",23.9758,-30.4902
"17299","Hyalomma truncatum",23.9704,-30.5843
"17300","Hyalomma truncatum",24.1556,-30.4453
"17301","Hyalomma truncatum",24.228,-30.7217
"17302","Hyalomma truncatum",24.3603,-30.3145
"17303","Hyalomma truncatum",24.6095,-30.261
"17304","Hyalomma truncatum",24.5837,-30.3973
"17305","Hyalomma truncatum",24.7522,-30.2625
"17306","Hyalomma truncatum",24.8822,-30.2924
"17307","Hyalomma truncatum",24.7406,-30.5039
"17308","Hyalomma truncatum",24.9733,-30.4352
"17309","Hyalomma truncatum",24.6528,-30.81
"17310","Hyalomma truncatum",23.8439,-31.0652
"17311","Hyalomma truncatum",25.1653,-30.2312
"17312","Hyalomma truncatum",25.2617,-30.5433
"17313","Hyalomma truncatum",25.0623,-30.5489
"17314","Hyalomma truncatum",25.4017,-30.5877
"17315","Hyalomma truncatum",25.2736,-30.7612
"17316","Hyalomma truncatum",25.7467,-30.6002
"17317","Hyalomma truncatum",25.6297,-30.7058
"17318","Hyalomma truncatum",25.8434,-30.6621
"17319","Hyalomma truncatum",25.8265,-30.8394
"17320","Hyalomma truncatum",25.3785,-30.9055
"17321","Hyalomma truncatum",25.1523,-31.0989
"17322","Hyalomma truncatum",24.9715,-31.3817
"17323","Hyalomma truncatum",25.259,-31.323
"17324","Hyalomma truncatum",25.477,-31.2037
"17325","Hyalomma truncatum",25.3915,-31.4029
"17326","Hyalomma truncatum",25.2239,-31.4597
"17327","Hyalomma truncatum",23.9976,-32.331
"17328","Hyalomma truncatum",24.1941,-32.2976
"17329","Hyalomma truncatum",24.5045,-32.3339
"17330","Hyalomma truncatum",24.3427,-32.683
"17331","Hyalomma truncatum",23.7285,-32.6311
"17332","Hyalomma truncatum",24.5939,-32.8574
"17333","Hyalomma truncatum",24.8561,-33.0605
"17334","Hyalomma truncatum",24.6684,-32.1414
"17335","Hyalomma truncatum",24.9902,-32.0464
"17336","Hyalomma truncatum",25.0828,-32.3087
"17337","Hyalomma truncatum",24.9898,-32.4419
"17338","Hyalomma truncatum",25.1297,-32.4024
"17339","Hyalomma truncatum",25.2118,-32.457
"17340","Hyalomma truncatum",25.2428,-32.5452
"17341","Hyalomma truncatum",25.2586,-32.6426
"17342","Hyalomma truncatum",25.2121,-32.7297
"17343","Hyalomma truncatum",24.9509,-32.6486
"17344","Hyalomma truncatum",24.8603,-32.5599
"17345","Hyalomma truncatum",25.2145,-32.8453
"17346","Hyalomma truncatum",25.3347,-33.0308
"17347","Hyalomma truncatum",25.7044,-32.9966
"17348","Hyalomma truncatum",25.7284,-32.8085
"17349","Hyalomma truncatum",25.3854,-32.5885
"17350","Hyalomma truncatum",25.2133,-32.4507
"17351","Hyalomma truncatum",25.84,-33.049
"17352","Hyalomma truncatum",25.8308,-33.3844
"17353","Hyalomma truncatum",25.4944,-33.4331
"17354","Hyalomma truncatum",24.4885,-33.4935
"17355","Hyalomma truncatum",24.8194,-33.5404
"17356","Hyalomma truncatum",24.907,-33.8807
"17357","Hyalomma truncatum",25.1301,-33.8498
"17358","Hyalomma truncatum",26.028,-33.1577
"17359","Hyalomma truncatum",25.8644,-33.6103
"17360","Hyalomma truncatum",26.108,-33.4838
"17361","Hyalomma truncatum",26.1154,-33.3554
"17362","Hyalomma truncatum",26.3785,-33.4681
"17363","Hyalomma truncatum",26.4849,-33.3777
"17364","Hyalomma truncatum",26.386,-33.2316
"17365","Hyalomma truncatum",26.4707,-33.179
"17366","Hyalomma truncatum",26.5186,-33.0597
"17367","Hyalomma truncatum",26.5249,-32.8611
"17368","Hyalomma truncatum",26.2479,-32.5921
"17369","Hyalomma truncatum",26.0515,-32.5852
"17370","Hyalomma truncatum",26.0937,-32.1679
"17371","Hyalomma truncatum",25.9221,-31.7859
"17372","Hyalomma truncatum",25.9979,-31.7072
"17373","Hyalomma truncatum",24.0319,-28.7318
"17374","Hyalomma truncatum",23.9762,-28.8794
"17375","Hyalomma truncatum",24.1987,-28.7938
"17376","Hyalomma truncatum",24.6269,-28.5298
"17377","Hyalomma truncatum",24.5594,-28.6677
"17378","Hyalomma truncatum",24.7822,-28.6441
"17379","Hyalomma truncatum",24.9469,-28.545
"17380","Hyalomma truncatum",24.6451,-28.8464
"17381","Hyalomma truncatum",24.7212,-28.9295
"17382","Hyalomma truncatum",24.5274,-28.9847
"17383","Hyalomma truncatum",24.805,-29.4544
"17384","Hyalomma truncatum",24.8341,-29.5861
"17385","Hyalomma truncatum",24.9874,-29.522
"17386","Hyalomma truncatum",24.9674,-29.3034
"17387","Hyalomma truncatum",25.027,-29.3328
"17388","Hyalomma truncatum",25.3284,-29.3758
"17389","Hyalomma truncatum",25.3169,-29.5524
"17390","Hyalomma truncatum",25.2173,-29.6515
"17391","Hyalomma truncatum",25.2843,-29.7175
"17392","Hyalomma truncatum",25.4524,-29.7755
"17393","Hyalomma truncatum",25.4777,-29.6436
"17394","Hyalomma truncatum",25.4901,-29.005
"17395","Hyalomma truncatum",25.7172,-28.9586
"17396","Hyalomma truncatum",25.7923,-28.5382
"17397","Hyalomma truncatum",26.1633,-28.6042
"17398","Hyalomma truncatum",26.1961,-28.883
"17399","Hyalomma truncatum",26.1115,-29.0838
"17400","Hyalomma truncatum",26.5887,-28.7031
"17401","Hyalomma truncatum",26.9273,-28.5386
"17402","Hyalomma truncatum",26.2009,-28.2016
"17403","Hyalomma truncatum",26.5075,-27.9061
"17404","Hyalomma truncatum",25.171,-27.55
"17405","Hyalomma truncatum",25.5021,-27.4265
"17406","Hyalomma truncatum",25.6948,-27.6379
"17407","Hyalomma truncatum",24.3374,-26.4346
"17408","Hyalomma truncatum",24.3524,-26.7327
"17409","Hyalomma truncatum",24.4586,-27.178
"17410","Hyalomma truncatum",24.4225,-25.7606
"17411","Hyalomma truncatum",24.6804,-26.0949
"17412","Hyalomma truncatum",24.6047,-26.3534
"17413","Hyalomma truncatum",25.0864,-26.0769
"17414","Hyalomma truncatum",25.1908,-25.6829
"17415","Hyalomma truncatum",25.4797,-25.64
"17416","Hyalomma truncatum",25.4555,-26.0186
"17417","Hyalomma truncatum",25.7089,-25.8807
"17418","Hyalomma truncatum",25.2152,-26.2462
"17419","Hyalomma truncatum",24.9679,-26.4951
"17420","Hyalomma truncatum",24.9346,-26.803
"17421","Hyalomma truncatum",25.4174,-26.5207
"17422","Hyalomma truncatum",25.2064,-26.9631
"17423","Hyalomma truncatum",24.8796,-27.2196
"17424","Hyalomma truncatum",24.989,-27.1265
"17425","Hyalomma truncatum",25.3601,-27.0873
"17426","Hyalomma truncatum",25.2707,-27.2064
"17427","Hyalomma truncatum",26.0252,-27.3798
"17428","Hyalomma truncatum",26.1947,-27.3434
"17429","Hyalomma truncatum",26.1082,-27.2065
"17430","Hyalomma truncatum",26.014,-27.0923
"17431","Hyalomma truncatum",26.4731,-26.6207
"17432","Hyalomma truncatum",25.957,-26.6289
"17433","Hyalomma truncatum",25.8196,-26.2759
"17434","Hyalomma truncatum",25.5482,-26.1969
"17435","Hyalomma truncatum",26.0838,-26.1311
"17436","Hyalomma truncatum",27.1588,-26.8168
"17437","Hyalomma truncatum",27.3374,-26.8359
"17438","Hyalomma truncatum",27.6359,-26.4824
"17439","Hyalomma truncatum",27.5534,-26.3067
"17440","Hyalomma truncatum",27.1593,-26.4364
"17441","Hyalomma truncatum",27.272,-26.2023
"17442","Hyalomma truncatum",26.9698,-25.9974
"17443","Hyalomma truncatum",27.0503,-25.8014
"17444","Hyalomma truncatum",26.7364,-25.7759
"17445","Hyalomma truncatum",26.4037,-25.8327
"17446","Hyalomma truncatum",26.2023,-25.8869
"17447","Hyalomma truncatum",26.4054,-25.6726
"17448","Hyalomma truncatum",25.8018,-25.6483
"17449","Hyalomma truncatum",25.8549,-25.3452
"17450","Hyalomma truncatum",26.3836,-25.3376
"17451","Hyalomma truncatum",25.9966,-25.0582
"17452","Hyalomma truncatum",26.2164,-24.8292
"17453","Hyalomma truncatum",26.0973,-24.6637
"17454","Hyalomma truncatum",26.3757,-24.5957
"17455","Hyalomma truncatum",31.2985,-28.7409
"17456","Hyalomma truncatum",31.4067,-28.4844
"17457","Hyalomma truncatum",31.391,-28.3262
"17458","Hyalomma truncatum",31.5721,-28.0964
"17459","Hyalomma truncatum",31.7958,-28.3879
"17460","Hyalomma truncatum",31.2411,-27.9945
"17461","Hyalomma truncatum",31.3718,-27.9617
"17462","Hyalomma truncatum",32.3184,-27.8425
"17463","Hyalomma truncatum",31.896,-27.6545
"17464","Hyalomma truncatum",31.9777,-27.6562
"17465","Hyalomma truncatum",31.5078,-27.0868
"17466","Hyalomma truncatum",31.8188,-27.0424
"17467","Hyalomma truncatum",31.6996,-26.846
"17468","Hyalomma truncatum",31.9587,-26.8449
"17469","Hyalomma truncatum",31.7602,-26.6777
"17470","Hyalomma truncatum",31.8168,-26.4109
"17471","Hyalomma truncatum",32.0143,-26.4101
"17472","Hyalomma truncatum",31.7548,-26.1584
"17473","Hyalomma truncatum",31.5942,-26.0666
"17474","Hyalomma truncatum",32.0011,-25.6625
"17475","Hyalomma truncatum",31.8615,-25.5871
"17476","Hyalomma truncatum",31.7456,-25.6642
"17477","Hyalomma truncatum",31.7391,-25.5171
"17478","Hyalomma truncatum",31.4899,-25.5202
"17479","Hyalomma truncatum",31.5102,-25.6371
"17480","Hyalomma truncatum",31.2863,-25.6469
"17481","Hyalomma truncatum",31.0139,-25.7089
"17482","Hyalomma truncatum",30.866,-25.6061
"17483","Hyalomma truncatum",31.2238,-25.4618
"17484","Hyalomma truncatum",31.0787,-25.3844
"17485","Hyalomma truncatum",31.1917,-25.3525
"17486","Hyalomma truncatum",31.1852,-25.2575
"17487","Hyalomma truncatum",31.3739,-25.2328
"17488","Hyalomma truncatum",31.3839,-25.3483
"17489","Hyalomma truncatum",31.0639,-24.9258
"17490","Hyalomma truncatum",31.1034,-24.8068
"17491","Hyalomma truncatum",31.2878,-24.8539
"17492","Hyalomma truncatum",31.3195,-24.9583
"17493","Hyalomma truncatum",31.2605,-25.0186
"17494","Hyalomma truncatum",31.6377,-24.9235
"17495","Hyalomma truncatum",29.768,-25.2344
"17496","Hyalomma truncatum",29.2325,-25.9165
"17497","Hyalomma truncatum",28.402,-26.2053
"17498","Hyalomma truncatum",28.0116,-25.6162
"17499","Hyalomma truncatum",27.7796,-25.3689
"17500","Hyalomma truncatum",28.0919,-25.3
"17501","Hyalomma truncatum",28.4543,-25.2691
"17502","Hyalomma truncatum",28.7068,-25.3146
"17503","Hyalomma truncatum",28.5789,-25.5284
"17504","Hyalomma truncatum",27.4809,-24.8152
"17505","Hyalomma truncatum",27.9732,-24.4548
"17506","Hyalomma truncatum",28.118,-24.2194
"17507","Hyalomma truncatum",28.235,-24.4817
"17508","Hyalomma truncatum",28.1159,-24.5579
"17509","Hyalomma truncatum",28.6046,-24.5485
"17510","Hyalomma truncatum",29.1748,-25.2539
"17511","Hyalomma truncatum",30.0674,-24.3037
"17512","Hyalomma truncatum",30.3065,-24.1253
"17513","Hyalomma truncatum",30.2616,-24.5732
"17514","Hyalomma truncatum",30.4202,-24.591
"17515","Hyalomma truncatum",28.7733,-23.7332
"17516","Hyalomma truncatum",28.877,-23.7499
"17517","Hyalomma truncatum",28.9794,-23.8122
"17518","Hyalomma truncatum",28.1254,-22.8959
"17519","Hyalomma truncatum",28.2994,-22.706
"17520","Hyalomma truncatum",28.2807,-22.8333
"17521","Hyalomma truncatum",28.4281,-22.7837
"17522","Hyalomma truncatum",28.7519,-22.8097
"17523","Hyalomma truncatum",28.6514,-22.8986
"17524","Hyalomma truncatum",28.6837,-23.0237
"17525","Hyalomma truncatum",29.2007,-23.3151
"17526","Hyalomma truncatum",29.6116,-23.2413
"17527","Hyalomma truncatum",29.853,-23.3023
"17528","Hyalomma truncatum",29.9446,-23.2052
"17529","Hyalomma truncatum",29.9745,-23.0934
"17530","Hyalomma truncatum",30.1157,-23.0996
"17531","Hyalomma truncatum",30.5274,-23.1116
"17532","Hyalomma truncatum",30.6607,-23.0627
"17533","Hyalomma truncatum",30.6819,-23.1811
"17534","Hyalomma truncatum",30.8721,-23.0809
"17535","Hyalomma truncatum",30.9961,-23.2609
"17536","Hyalomma truncatum",30.4334,-23.2597
"17537","Hyalomma truncatum",30.3232,-23.4619
"17538","Hyalomma truncatum",31.0348,-23.7377
"17539","Hyalomma truncatum",30.6107,-22.4149
"17540","Hyalomma truncatum",30.5392,-22.6894
"17541","Hyalomma truncatum",30.3053,-22.7863
"17542","Hyalomma truncatum",30.2142,-22.9154
"17543","Hyalomma truncatum",30.1358,-22.7693
"17544","Hyalomma truncatum",30.2553,-22.6048
"17545","Hyalomma truncatum",30.0866,-22.5429
"17546","Hyalomma truncatum",29.4985,-22.3188
"17547","Hyalomma truncatum",29.7492,-22.4926
"17548","Hyalomma truncatum",29.5328,-22.6016
"17549","Hyalomma truncatum",29.3896,-22.7451
"17550","Hyalomma truncatum",29.2269,-22.6907
"17551","Hyalomma truncatum",29.228,-22.5831
"17552","Hyalomma truncatum",29.1943,-22.454
"17553","Hyalomma truncatum",30.6786,-26.7301
"17554","Hyalomma truncatum",25.9032,-25.808
"17555","Hyalomma truncatum",30.4753,-24.023
"17556","Hyalomma truncatum",30.5807,-27.2903
"17557","Hyalomma truncatum",31.8857,-27.41
"17558","Hyalomma truncatum",28.28333333,-25.88333333
"17559","Hyalomma truncatum",31.83333333,-28.33333333
"17560","Hyalomma truncatum",-12.45,14.9
"17561","Hyalomma truncatum",-17.03333333,14.61666667
"17562","Hyalomma truncatum",-16.2,14.01666667
"17563","Hyalomma truncatum",-16.2,14.01666667
"17564","Hyalomma truncatum",-15.48333333,15.35
"17565","Hyalomma truncatum",-15.48333333,15.35
"17566","Hyalomma truncatum",-17.43333333,14.66666667
"17567","Hyalomma truncatum",-15.8,14.1
"17568","Hyalomma truncatum",-14.23333333,13.18333333
"17569","Hyalomma truncatum",-17.46666667,14.68333333
"17570","Hyalomma truncatum",-16.41666667,14.33333333
"17571","Hyalomma truncatum",-15.38333333,15.48333333
"17572","Hyalomma truncatum",-17.43333333,14.71666667
"17573","Hyalomma truncatum",-16.06666667,14.15
"17574","Hyalomma truncatum",-16.05,14.05
"17575","Hyalomma truncatum",-12.18333333,12.38333333
"17576","Hyalomma truncatum",-15.83333333,14.13333333
"17577","Hyalomma truncatum",-14.95,12.88333333
"17578","Hyalomma truncatum",-16.06666667,14.08333333
"17579","Hyalomma truncatum",-15.11666667,15.4
"17580","Hyalomma truncatum",-15.56666667,13.91666667
"17581","Hyalomma truncatum",-16.21666667,15.61666667
"17582","Hyalomma truncatum",-16.08333333,13.96666667
"17583","Hyalomma truncatum",-15.88333333,13.98333333
"17584","Hyalomma truncatum",-15.41666667,13.83333333
"17585","Hyalomma truncatum",-16.4,14.48333333
"17586","Hyalomma truncatum",16.7,15.41666667
"17587","Hyalomma truncatum",-12.71666667,13.06666667
"17588","Hyalomma truncatum",-15.8,13.75
"17589","Hyalomma truncatum",-17.21666667,14.78333333
"17590","Hyalomma truncatum",-15.75,14.03333333
"17591","Hyalomma truncatum",-14.3,13.16666667
"17592","Hyalomma truncatum",-13.66666667,13.78333333
"17593","Hyalomma truncatum",-16.93333333,14.8
"17594","Hyalomma truncatum",-17.38333333,14.73333333
"17595","Hyalomma truncatum",-14.46666667,15.26666667
"17596","Hyalomma truncatum",42.06666667,0.516666667
"17597","Hyalomma truncatum",46.43333333,8.95
"17598","Hyalomma truncatum",43.76666667,9.683333333
"17599","Hyalomma truncatum",43.7,2.933333333
"17600","Hyalomma truncatum",45.53333333,9.516666667
"17601","Hyalomma truncatum",42.46666667,1.5
"17602","Hyalomma truncatum",45.88333333,9.516666667
"17603","Hyalomma truncatum",47.25,9.916666667
"17604","Hyalomma truncatum",41.36666667,-1.75
"17605","Hyalomma truncatum",43.33333333,11.35
"17606","Hyalomma truncatum",45.95,10.16666667
"17607","Hyalomma truncatum",45.36666667,2.066666667
"17608","Hyalomma truncatum",43.3532,11.2696
"17609","Hyalomma truncatum",43.0008,10.1742
"17610","Hyalomma truncatum",43.288,10.0906
"17611","Hyalomma truncatum",43.452,10.2364
"17612","Hyalomma truncatum",43.2428,9.8957
"17613","Hyalomma truncatum",43.4441,9.8612
"17614","Hyalomma truncatum",43.5535,9.6892
"17615","Hyalomma truncatum",43.4323,9.5044
"17616","Hyalomma truncatum",43.7883,10.1242
"17617","Hyalomma truncatum",43.8777,9.8004
"17618","Hyalomma truncatum",43.8919,9.577
"17619","Hyalomma truncatum",44.0153,9.9893
"17620","Hyalomma truncatum",44.2615,9.7109
"17621","Hyalomma truncatum",44.1446,9.5385
"17622","Hyalomma truncatum",44.0231,9.3271
"17623","Hyalomma truncatum",44.2066,9.3581
"17624","Hyalomma truncatum",44.1267,9.1878
"17625","Hyalomma truncatum",44.0287,9.0605
"17626","Hyalomma truncatum",44.232,9.0158
"17627","Hyalomma truncatum",44.433,9.3667
"17628","Hyalomma truncatum",44.5442,9.1762
"17629","Hyalomma truncatum",44.7109,9.5866
"17630","Hyalomma truncatum",44.9255,8.8283
"17631","Hyalomma truncatum",45.1774,8.9169
"17632","Hyalomma truncatum",45.7357,8.7723
"17633","Hyalomma truncatum",45.1863,10.0098
"17634","Hyalomma truncatum",45.2063,9.7494
"17635","Hyalomma truncatum",45.2829,9.5896
"17636","Hyalomma truncatum",45.1211,9.4602
"17637","Hyalomma truncatum",45.4449,9.7416
"17638","Hyalomma truncatum",45.6603,9.4652
"17639","Hyalomma truncatum",46.0329,9.4822
"17640","Hyalomma truncatum",46.2468,8.4513
"17641","Hyalomma truncatum",46.1175,9.306
"17642","Hyalomma truncatum",46.4094,9.2819
"17643","Hyalomma truncatum",46.5568,8.9992
"17644","Hyalomma truncatum",46.7893,8.9996
"17645","Hyalomma truncatum",46.6861,8.7554
"17646","Hyalomma truncatum",46.9697,9.5474
"17647","Hyalomma truncatum",46.3007,10.3397
"17648","Hyalomma truncatum",47.4112,8.2236
"17649","Hyalomma truncatum",47.2708,8.3792
"17650","Hyalomma truncatum",47.4226,8.7485
"17651","Hyalomma truncatum",47.9391,8.1343
"17652","Hyalomma truncatum",48.0297,7.9355
"17653","Hyalomma truncatum",48.1553,8.3561
"17654","Hyalomma truncatum",48.6054,8.5168
"17655","Hyalomma truncatum",49.9661,8.1685
"17656","Hyalomma truncatum",47.0838,10.4702
"17657","Hyalomma truncatum",47.3329,10.8889
"17658","Hyalomma truncatum",47.4475,10.6205
"17659","Hyalomma truncatum",47.2866,10.3742
"17660","Hyalomma truncatum",47.3282,10.0134
"17661","Hyalomma truncatum",47.7528,10.7071
"17662","Hyalomma truncatum",47.9275,10.4798
"17663","Hyalomma truncatum",48.0026,10.1642
"17664","Hyalomma truncatum",47.644,9.9073
"17665","Hyalomma truncatum",48.1747,10.7119
"17666","Hyalomma truncatum",48.3196,10.5974
"17667","Hyalomma truncatum",48.6035,10.5917
"17668","Hyalomma truncatum",48.6102,10.235
"17669","Hyalomma truncatum",48.1922,9.9944
"17670","Hyalomma truncatum",48.1058,9.5862
"17671","Hyalomma truncatum",48.7709,9.8354
"17672","Hyalomma truncatum",48.8858,9.606
"17673","Hyalomma truncatum",48.5973,9.5563
"17674","Hyalomma truncatum",48.4668,9.2629
"17675","Hyalomma truncatum",48.8743,9.2718
"17676","Hyalomma truncatum",49.1133,9.5161
"17677","Hyalomma truncatum",49.6239,9.1336
"17678","Hyalomma truncatum",49.8905,10.4852
"17679","Hyalomma truncatum",50.3361,10.4019
"17680","Hyalomma truncatum",49.9781,9.9892
"17681","Hyalomma truncatum",43.31666667,9.616666667
"17682","Hyalomma truncatum",36.13333333,15.81666667
"17683","Hyalomma truncatum",35.78333333,15.31666667
"17684","Hyalomma truncatum",36.4,15.46666667
"17685","Hyalomma truncatum",30.58333333,20.11666667
"17686","Hyalomma truncatum",29.63333333,11.2
"17687","Hyalomma truncatum",34.7,15.5
"17688","Hyalomma truncatum",30.88333333,9.066666667
"17689","Hyalomma truncatum",28.8,9
"17690","Hyalomma truncatum",33.96666667,18.11666667
"17691","Hyalomma truncatum",30.51666667,11.21666667
"17692","Hyalomma truncatum",32.98333333,4.516666667
"17693","Hyalomma truncatum",31.6,4.85
"17694","Hyalomma truncatum",29.71666667,11.01666667
"17695","Hyalomma truncatum",31.66666667,3.883333333
"17696","Hyalomma truncatum",33.58333333,4.783333333
"17697","Hyalomma truncatum",36.4,15.46666667
"17698","Hyalomma truncatum",23.61666667,12.58333333
"17699","Hyalomma truncatum",35.15,12.61666667
"17700","Hyalomma truncatum",32.9,4.583333333
"17701","Hyalomma truncatum",32.63333333,4.633333333
"17702","Hyalomma truncatum",32.9,4.4
"17703","Hyalomma truncatum",36.45,15.3
"17704","Hyalomma truncatum",28.65,7.85
"17705","Hyalomma truncatum",25.63333333,12
"17706","Hyalomma truncatum",24.88333333,12.05
"17707","Hyalomma truncatum",24.83333333,9.85
"17708","Hyalomma truncatum",30.38333333,10.63333333
"17709","Hyalomma truncatum",36.13333333,16.13333333
"17710","Hyalomma truncatum",31.68333333,5.816666667
"17711","Hyalomma truncatum",32.56666667,4.4
"17712","Hyalomma truncatum",33.53333333,14.4
"17713","Hyalomma truncatum",31.35,21.8
"17714","Hyalomma truncatum",36.2,16.15
"17715","Hyalomma truncatum",28,7.7
"17716","Hyalomma truncatum",30.5,6.55
"17717","Hyalomma truncatum",23.48333333,12.9
"17718","Hyalomma truncatum",31.93333333,-26.25
"17719","Hyalomma truncatum",35.06666667,-4.383333333
"17720","Hyalomma truncatum",37.68333333,-3.333333333
"17721","Hyalomma truncatum",34.85,-8.8
"17722","Hyalomma truncatum",37.73333333,-3.566666667
"17723","Hyalomma truncatum",32.28333333,-8.366666667
"17724","Hyalomma truncatum",36.85,-3.483333333
"17725","Hyalomma truncatum",37.93333333,-4.116666667
"17726","Hyalomma truncatum",32.01666667,-8.55
"17727","Hyalomma truncatum",32.05,-8.566666667
"17728","Hyalomma truncatum",37.96666667,-9.8
"17729","Hyalomma truncatum",35.91666667,-7.683333333
"17730","Hyalomma truncatum",31.8,-8.583333333
"17731","Hyalomma truncatum",31.8,-8.1
"17732","Hyalomma truncatum",35.43333333,-3.466666667
"17733","Hyalomma truncatum",33.36666667,-8.95
"17734","Hyalomma truncatum",32.08333333,-8.633333333
"17735","Hyalomma truncatum",32.11666667,-9.033333333
"17736","Hyalomma truncatum",31.75,-8.183333333
"17737","Hyalomma truncatum",33.58333333,-9.05
"17738","Hyalomma truncatum",31.76666667,-8.383333333
"17739","Hyalomma truncatum",37.85,-4.183333333
"17740","Hyalomma truncatum",32.46666667,-9.05
"17741","Hyalomma truncatum",37.33333333,-9.5
"17742","Hyalomma truncatum",33.65,-8.766666667
"17743","Hyalomma truncatum",32.33333333,-8.833333333
"17744","Hyalomma truncatum",32.76666667,-9.283333333
"17745","Hyalomma truncatum",32.93333333,-9.1
"17746","Hyalomma truncatum",34.63333333,-8.85
"17747","Hyalomma truncatum",20.66666667,15.01666667
"17748","Hyalomma truncatum",18.95,13.01666667
"17749","Hyalomma truncatum",15.05,12.11666667
"17750","Hyalomma truncatum",15.4,11.33333333
"17751","Hyalomma truncatum",18.6,13.08333333
"17752","Hyalomma truncatum",16.08333333,8.566666667
"17753","Hyalomma truncatum",14.8,14.55
"17754","Hyalomma truncatum",0.016666667,11.1
"17755","Hyalomma truncatum",0.2,10.86666667
"17756","Hyalomma truncatum",0.416666667,10.81666667
"17757","Hyalomma truncatum",0.366666667,10.83333333
"17758","Hyalomma truncatum",32.71666667,2
"17759","Hyalomma truncatum",34.2,2.083333333
"17760","Hyalomma truncatum",34.25,2.75
"17761","Hyalomma truncatum",34.05,2.95
"17762","Hyalomma truncatum",27.46666667,-11.66666667
"17763","Hyalomma truncatum",24.5,-6.166666667
"17764","Hyalomma truncatum",25,-8.7
"17765","Hyalomma truncatum",26.6,-4.5
"17766","Hyalomma truncatum",24.86666667,-8.75
"17767","Hyalomma truncatum",26.5,-7.916666667
"17768","Hyalomma truncatum",23.8,-7.233333333
"17769","Hyalomma truncatum",29.03333333,-2.866666667
"17770","Hyalomma truncatum",28.61666667,-1.183333333
"17771","Hyalomma truncatum",28.56666667,-12.75
"17772","Hyalomma truncatum",25.18333333,0.833333333
"17773","Hyalomma truncatum",31.38333333,-8.833333333
"17774","Hyalomma truncatum",27.55,-14.45
"17775","Hyalomma truncatum",27.76666667,-15.86666667
"17776","Hyalomma truncatum",28.41666667,-16.3
"17777","Hyalomma truncatum",32.06666667,-10.55
"17778","Hyalomma truncatum",28.85,-15.23333333
"17779","Hyalomma truncatum",32.48333333,-13.56666667
"17780","Hyalomma truncatum",28.21666667,-14.2
"17781","Hyalomma truncatum",27.16666667,-16.66666667
"17782","Hyalomma truncatum",32.66666667,-13.61666667
"17783","Hyalomma truncatum",32.63333333,-10.13333333
"17784","Hyalomma truncatum",27.65,-15.78333333
"17785","Hyalomma truncatum",26.16666667,-14.5
"17786","Hyalomma truncatum",28.68333333,-13.96666667
"17787","Hyalomma truncatum",27.8,-14.9
"17788","Hyalomma truncatum",27.25,-15.91666667
"17789","Hyalomma truncatum",32.16666667,-11.91666667
"17790","Hyalomma truncatum",27.88333333,-15.86666667
"17791","Hyalomma truncatum",28.28333333,-15.41666667
"17792","Hyalomma truncatum",28.83333333,-16.13333333
"17793","Hyalomma truncatum",26.91666667,-15.46666667
"17794","Hyalomma truncatum",24.8,-14.78333333
"17795","Hyalomma truncatum",27.76666667,-15.86666667
"17796","Hyalomma truncatum",31.38333333,-8.833333333
"17797","Hyalomma truncatum",32.16666667,-10.03333333
"17798","Hyalomma truncatum",29.4,-13.61666667
"17799","Hyalomma truncatum",27.06666667,-14.98333333
"17800","Hyalomma truncatum",27.56666667,-15.85
"17801","Hyalomma truncatum",27.98333333,-15.81666667
"17802","Hyalomma truncatum",23.2,-15.43333333
"17803","Hyalomma truncatum",26.45,-15.75
"17804","Hyalomma truncatum",28.63333333,-12.96666667
"17805","Hyalomma truncatum",31.0939,-8.5963
"17806","Hyalomma truncatum",31.3788,-8.7225
"17807","Hyalomma truncatum",31.7799,-9.0541
"17808","Hyalomma truncatum",32.171,-9.9764
"17809","Hyalomma truncatum",32.5851,-10.0166
"17810","Hyalomma truncatum",33.4072,-10.4612
"17811","Hyalomma truncatum",31.1458,-10.1101
"17812","Hyalomma truncatum",31.5923,-11.2926
"17813","Hyalomma truncatum",31.4217,-11.7625
"17814","Hyalomma truncatum",29.4909,-11.3026
"17815","Hyalomma truncatum",33.0952,-12.2605
"17816","Hyalomma truncatum",30.0473,-12.6579
"17817","Hyalomma truncatum",30.2016,-13.1457
"17818","Hyalomma truncatum",32.708,-13.3057
"17819","Hyalomma truncatum",32.0788,-13.4368
"17820","Hyalomma truncatum",32.5101,-13.5706
"17821","Hyalomma truncatum",32.4902,-14.1249
"17822","Hyalomma truncatum",31.8227,-14.082
"17823","Hyalomma truncatum",31.5777,-14.3273
"17824","Hyalomma truncatum",31.2115,-14.2864
"17825","Hyalomma truncatum",29.2766,-13.5561
"17826","Hyalomma truncatum",28.507,-12.9987
"17827","Hyalomma truncatum",27.6884,-12.4233
"17828","Hyalomma truncatum",28.5331,-13.9303
"17829","Hyalomma truncatum",28.8787,-14.5761
"17830","Hyalomma truncatum",29.7005,-15.0328
"17831","Hyalomma truncatum",23.0549,-13.5352
"17832","Hyalomma truncatum",24.0665,-13.4676
"17833","Hyalomma truncatum",23.1827,-14.418
"17834","Hyalomma truncatum",23.0714,-15.2002
"17835","Hyalomma truncatum",24.7641,-14.7896
"17836","Hyalomma truncatum",23.2628,-16.1416
"17837","Hyalomma truncatum",23.4678,-16.5649
"17838","Hyalomma truncatum",26.1413,-15.0777
"17839","Hyalomma truncatum",26.4041,-15.7221
"17840","Hyalomma truncatum",26.8527,-16.8679
"17841","Hyalomma truncatum",26.3455,-17.0849
"17842","Hyalomma truncatum",25.5151,-16.659
"17843","Hyalomma truncatum",24.963,-16.8413
"17844","Hyalomma truncatum",24.8496,-17.5202
"17845","Hyalomma truncatum",24.2326,-17.5049
"17846","Hyalomma truncatum",27.817,-14.9427
"17847","Hyalomma truncatum",28.2841,-15.0178
"17848","Hyalomma truncatum",28.6652,-15.2864
"17849","Hyalomma truncatum",28.0533,-15.6664
"17850","Hyalomma truncatum",27.6899,-15.8009
"17851","Hyalomma truncatum",27.1877,-15.9208
"17852","Hyalomma truncatum",27.5385,-16.2224
"17853","Hyalomma truncatum",28.1226,-16.4927
"17854","Hyalomma truncatum",28.5115,-16.0565
"17855","Hyalomma truncatum",28.4809,-16.2273
"17856","Hyalomma truncatum",28.661,-16.1871
"17857","Hyalomma truncatum",28.773,-16.0089
"17858","Hyalomma truncatum",25.0788,-11.6817
"17859","Hyalomma truncatum",29.63333333,-15.08333333
"17860","Hyalomma truncatum",30.5,-13
"17861","Hyalomma truncatum",31.43333333,-14.18333333
"17862","Hyalomma truncatum",31.75,-11.2
"17863","Hyalomma truncatum",31.75,-11.2
"17864","Hyalomma truncatum",27.91666667,-20.75
"17865","Hyalomma truncatum",30.15,-18.13333333
"17866","Hyalomma truncatum",30.86666667,-17.86666667
"17867","Hyalomma truncatum",31.33333333,-19.66666667
"17868","Hyalomma truncatum",29.5,-21.5
"17869","Hyalomma truncatum",26.5,-18.75
"17870","Hyalomma truncatum",31.5,-18.25
"17871","Hyalomma truncatum",32.66666667,-18.96666667
"17872","Hyalomma truncatum",31.66666667,-20.83333333
"17873","Hyalomma truncatum",30.781764,-22.137865
"17874","Hyalomma truncatum",31.35624,-22.06754
"17875","Hyalomma truncatum",29.581195,-22.049069
"17876","Hyalomma truncatum",30.040029,-22.031533
"17877","Hyalomma truncatum",30.039412,-21.978994
"17878","Hyalomma truncatum",31.599623,-21.906655
"17879","Hyalomma truncatum",31.631593,-21.879862
"17880","Hyalomma truncatum",31.794874,-21.862016
"17881","Hyalomma truncatum",31.576675,-21.812702
"17882","Hyalomma truncatum",31.665865,-21.811597
"17883","Hyalomma truncatum",29.93458,-21.811478
"17884","Hyalomma truncatum",29.787476,-21.787823
"17885","Hyalomma truncatum",31.867629,-21.787223
"17886","Hyalomma truncatum",29.718229,-21.773223
"17887","Hyalomma truncatum",31.694016,-21.760858
"17888","Hyalomma truncatum",31.550453,-21.759311
"17889","Hyalomma truncatum",29.917565,-21.758069
"17890","Hyalomma truncatum",29.559556,-21.749593
"17891","Hyalomma truncatum",30.045653,-21.7274
"17892","Hyalomma truncatum",29.789532,-21.720557
"17893","Hyalomma truncatum",29.892235,-21.718502
"17894","Hyalomma truncatum",29.729261,-21.714231
"17895","Hyalomma truncatum",30.083853,-21.707051
"17896","Hyalomma truncatum",29.169714,-21.70525
"17897","Hyalomma truncatum",29.92772,-21.704609
"17898","Hyalomma truncatum",30.017734,-21.699817
"17899","Hyalomma truncatum",29.338125,-21.694768
"17900","Hyalomma truncatum",29.210852,-21.682132
"17901","Hyalomma truncatum",29.37561,-21.681793
"17902","Hyalomma truncatum",31.311805,-21.673195
"17903","Hyalomma truncatum",31.02292,-21.671026
"17904","Hyalomma truncatum",30.1078,-21.662779
"17905","Hyalomma truncatum",29.809207,-21.658788
"17906","Hyalomma truncatum",29.271212,-21.652527
"17907","Hyalomma truncatum",29.219833,-21.651712
"17908","Hyalomma truncatum",31.288146,-21.633628
"17909","Hyalomma truncatum",29.927327,-21.618931
"17910","Hyalomma truncatum",28.888612,-21.615545
"17911","Hyalomma truncatum",29.853599,-21.615398
"17912","Hyalomma truncatum",31.274887,-21.61431
"17913","Hyalomma truncatum",29.128859,-21.614129
"17914","Hyalomma truncatum",29.249854,-21.609273
"17915","Hyalomma truncatum",28.95718,-21.605271
"17916","Hyalomma truncatum",31.428119,-21.590963
"17917","Hyalomma truncatum",28.999446,-21.588602
"17918","Hyalomma truncatum",31.285568,-21.586651
"17919","Hyalomma truncatum",31.654827,-21.564703
"17920","Hyalomma truncatum",31.364173,-21.562539
"17921","Hyalomma truncatum",29.225299,-21.552212
"17922","Hyalomma truncatum",31.303718,-21.550689
"17923","Hyalomma truncatum",31.24009,-21.530555
"17924","Hyalomma truncatum",31.065637,-21.526309
"17925","Hyalomma truncatum",29.86531,-21.5076
"17926","Hyalomma truncatum",28.870107,-21.470049
"17927","Hyalomma truncatum",29.119806,-21.466771
"17928","Hyalomma truncatum",29.044047,-21.454954
"17929","Hyalomma truncatum",31.559853,-21.452526
"17930","Hyalomma truncatum",31.380197,-21.435398
"17931","Hyalomma truncatum",31.43421,-21.429761
"17932","Hyalomma truncatum",31.651809,-21.424707
"17933","Hyalomma truncatum",29.154222,-21.401312
"17934","Hyalomma truncatum",32.043612,-21.393507
"17935","Hyalomma truncatum",31.378664,-21.389354
"17936","Hyalomma truncatum",29.615399,-21.382863
"17937","Hyalomma truncatum",28.846976,-21.377082
"17938","Hyalomma truncatum",28.650372,-21.367358
"17939","Hyalomma truncatum",31.689403,-21.364769
"17940","Hyalomma truncatum",30.993183,-21.346867
"17941","Hyalomma truncatum",31.54547,-21.342965
"17942","Hyalomma truncatum",28.822891,-21.33201
"17943","Hyalomma truncatum",29.150819,-21.331333
"17944","Hyalomma truncatum",28.621618,-21.328742
"17945","Hyalomma truncatum",29.058718,-21.321394
"17946","Hyalomma truncatum",31.751688,-21.319518
"17947","Hyalomma truncatum",31.480797,-21.318235
"17948","Hyalomma truncatum",31.317028,-21.278979
"17949","Hyalomma truncatum",31.045806,-21.264807
"17950","Hyalomma truncatum",28.437537,-21.25362
"17951","Hyalomma truncatum",31.661987,-21.241437
"17952","Hyalomma truncatum",28.772814,-21.239117
"17953","Hyalomma truncatum",31.810501,-21.230081
"17954","Hyalomma truncatum",31.600521,-21.195529
"17955","Hyalomma truncatum",29.734193,-21.167162
"17956","Hyalomma truncatum",29.914122,-21.132728
"17957","Hyalomma truncatum",29.881011,-21.12175
"17958","Hyalomma truncatum",28.987054,-21.114391
"17959","Hyalomma truncatum",31.696917,-21.099587
"17960","Hyalomma truncatum",28.964463,-21.094187
"17961","Hyalomma truncatum",31.325097,-21.041443
"17962","Hyalomma truncatum",29.898793,-20.968918
"17963","Hyalomma truncatum",29.332937,-20.965486
"17964","Hyalomma truncatum",28.780529,-20.956505
"17965","Hyalomma truncatum",31.452359,-20.939017
"17966","Hyalomma truncatum",31.368933,-20.925385
"17967","Hyalomma truncatum",31.539442,-20.913988
"17968","Hyalomma truncatum",32.097689,-20.895349
"17969","Hyalomma truncatum",28.809431,-20.892946
"17970","Hyalomma truncatum",30.531193,-20.892146
"17971","Hyalomma truncatum",29.394839,-20.81904
"17972","Hyalomma truncatum",27.921384,-20.792643
"17973","Hyalomma truncatum",30.83444,-20.789378
"17974","Hyalomma truncatum",28.016635,-20.770364
"17975","Hyalomma truncatum",29.70285,-20.734674
"17976","Hyalomma truncatum",29.072662,-20.704697
"17977","Hyalomma truncatum",30.760454,-20.685564
"17978","Hyalomma truncatum",29.876863,-20.660714
"17979","Hyalomma truncatum",28.714141,-20.646561
"17980","Hyalomma truncatum",28.587648,-20.629345
"17981","Hyalomma truncatum",31.903662,-20.616041
"17982","Hyalomma truncatum",29.315562,-20.586444
"17983","Hyalomma truncatum",29.505204,-20.575933
"17984","Hyalomma truncatum",32.223898,-20.563865
"17985","Hyalomma truncatum",27.849629,-20.549007
"17986","Hyalomma truncatum",29.316826,-20.545969
"17987","Hyalomma truncatum",28.073086,-20.543945
"17988","Hyalomma truncatum",30.634389,-20.531283
"17989","Hyalomma truncatum",28.437948,-20.522035
"17990","Hyalomma truncatum",31.388498,-20.489252
"17991","Hyalomma truncatum",28.469908,-20.45299
"17992","Hyalomma truncatum",28.49868,-20.442814
"17993","Hyalomma truncatum",28.552482,-20.432586
"17994","Hyalomma truncatum",32.640087,-20.387333
"17995","Hyalomma truncatum",30.593912,-20.218704
"17996","Hyalomma truncatum",28.081708,-20.207364
"17997","Hyalomma truncatum",28.689609,-20.125203
"17998","Hyalomma truncatum",32.111476,-20.111672
"17999","Hyalomma truncatum",32.353325,-20.0983
"18000","Hyalomma truncatum",30.585728,-20.048651
"18001","Hyalomma truncatum",30.531727,-20.038652
"18002","Hyalomma truncatum",30.362288,-20.020621
"18003","Hyalomma truncatum",31.955658,-19.766424
"18004","Hyalomma truncatum",30.51461,-19.722556
"18005","Hyalomma truncatum",31.986242,-19.721337
"18006","Hyalomma truncatum",28.802585,-19.655369
"18007","Hyalomma truncatum",27.994998,-19.63408
"18008","Hyalomma truncatum",32.423247,-19.628554
"18009","Hyalomma truncatum",30.413769,-19.592308
"18010","Hyalomma truncatum",28.967863,-19.57694
"18011","Hyalomma truncatum",31.837468,-19.547093
"18012","Hyalomma truncatum",29.82441,-19.451157
"18013","Hyalomma truncatum",32.529113,-19.373895
"18014","Hyalomma truncatum",31.94832,-19.35398
"18015","Hyalomma truncatum",32.495051,-19.268357
"18016","Hyalomma truncatum",28.479477,-19.262019
"18017","Hyalomma truncatum",32.256355,-19.252324
"18018","Hyalomma truncatum",27.300399,-19.191017
"18019","Hyalomma truncatum",32.354156,-19.172236
"18020","Hyalomma truncatum",29.848172,-19.152662
"18021","Hyalomma truncatum",27.29575,-19.146039
"18022","Hyalomma truncatum",27.296942,-19.076264
"18023","Hyalomma truncatum",27.406058,-19.046661
"18024","Hyalomma truncatum",32.497792,-19.04524
"18025","Hyalomma truncatum",27.310514,-19.026665
"18026","Hyalomma truncatum",27.79335,-19.02566
"18027","Hyalomma truncatum",31.752463,-19.019252
"18028","Hyalomma truncatum",27.37461,-19.016434
"18029","Hyalomma truncatum",32.409875,-19.001359
"18030","Hyalomma truncatum",27.72748,-18.975311
"18031","Hyalomma truncatum",29.676827,-18.882218
"18032","Hyalomma truncatum",31.778441,-18.859484
"18033","Hyalomma truncatum",32.027812,-18.805733
"18034","Hyalomma truncatum",30.852781,-18.783403
"18035","Hyalomma truncatum",26.888607,-18.778816
"18036","Hyalomma truncatum",26.926095,-18.745703
"18037","Hyalomma truncatum",26.935788,-18.726413
"18038","Hyalomma truncatum",27.784561,-18.724643
"18039","Hyalomma truncatum",31.46211,-18.717895
"18040","Hyalomma truncatum",31.554713,-18.717702
"18041","Hyalomma truncatum",31.511587,-18.705863
"18042","Hyalomma truncatum",26.837618,-18.705512
"18043","Hyalomma truncatum",26.310698,-18.701105
"18044","Hyalomma truncatum",31.486315,-18.672882
"18045","Hyalomma truncatum",26.015122,-18.671442
"18046","Hyalomma truncatum",26.965866,-18.663037
"18047","Hyalomma truncatum",26.668112,-18.65907
"18048","Hyalomma truncatum",26.90783,-18.64022
"18049","Hyalomma truncatum",31.555438,-18.632364
"18050","Hyalomma truncatum",32.268768,-18.602433
"18051","Hyalomma truncatum",31.991628,-18.574568
"18052","Hyalomma truncatum",31.530721,-18.567272
"18053","Hyalomma truncatum",26.848386,-18.562358
"18054","Hyalomma truncatum",32.206944,-18.55577
"18055","Hyalomma truncatum",25.959517,-18.542194
"18056","Hyalomma truncatum",29.78183,-18.534222
"18057","Hyalomma truncatum",29.586269,-18.530042
"18058","Hyalomma truncatum",32.604281,-18.529252
"18059","Hyalomma truncatum",28.510318,-18.524947
"18060","Hyalomma truncatum",31.525343,-18.519576
"18061","Hyalomma truncatum",25.997071,-18.515511
"18062","Hyalomma truncatum",28.689647,-18.515399
"18063","Hyalomma truncatum",28.774535,-18.514305
"18064","Hyalomma truncatum",28.474101,-18.507592
"18065","Hyalomma truncatum",32.342512,-18.50411
"18066","Hyalomma truncatum",28.417848,-18.498536
"18067","Hyalomma truncatum",28.908061,-18.496596
"18068","Hyalomma truncatum",28.139374,-18.49453
"18069","Hyalomma truncatum",28.234767,-18.486992
"18070","Hyalomma truncatum",27.245849,-18.481716
"18071","Hyalomma truncatum",26.25312,-18.480118
"18072","Hyalomma truncatum",29.542227,-18.47876
"18073","Hyalomma truncatum",28.068904,-18.467156
"18074","Hyalomma truncatum",29.583141,-18.44932
"18075","Hyalomma truncatum",28.155866,-18.416523
"18076","Hyalomma truncatum",29.030096,-18.411947
"18077","Hyalomma truncatum",29.826115,-18.406617
"18078","Hyalomma truncatum",28.373262,-18.405979
"18079","Hyalomma truncatum",32.903403,-18.405699
"18080","Hyalomma truncatum",30.136883,-18.404133
"18081","Hyalomma truncatum",26.223565,-18.404044
"18082","Hyalomma truncatum",29.449512,-18.385388
"18083","Hyalomma truncatum",30.076699,-18.378575
"18084","Hyalomma truncatum",31.655046,-18.367026
"18085","Hyalomma truncatum",25.935377,-18.357867
"18086","Hyalomma truncatum",25.846016,-18.342461
"18087","Hyalomma truncatum",28.483117,-18.322282
"18088","Hyalomma truncatum",29.529446,-18.320098
"18089","Hyalomma truncatum",28.796649,-18.313373
"18090","Hyalomma truncatum",29.831497,-18.311213
"18091","Hyalomma truncatum",28.565111,-18.306519
"18092","Hyalomma truncatum",32.442348,-18.305763
"18093","Hyalomma truncatum",32.508066,-18.303791
"18094","Hyalomma truncatum",25.884755,-18.301108
"18095","Hyalomma truncatum",26.275803,-18.272778
"18096","Hyalomma truncatum",31.581468,-18.266287
"18097","Hyalomma truncatum",27.961667,-18.190389
"18098","Hyalomma truncatum",27.825483,-18.189757
"18099","Hyalomma truncatum",32.220183,-18.154902
"18100","Hyalomma truncatum",28.207646,-18.13944
"18101","Hyalomma truncatum",32.679852,-18.138352
"18102","Hyalomma truncatum",28.118246,-18.122204
"18103","Hyalomma truncatum",27.826166,-18.094389
"18104","Hyalomma truncatum",30.753388,-18.091025
"18105","Hyalomma truncatum",28.14892,-18.087296
"18106","Hyalomma truncatum",28.25941,-18.075145
"18107","Hyalomma truncatum",28.198796,-18.024843
"18108","Hyalomma truncatum",27.534004,-17.981307
"18109","Hyalomma truncatum",29.318005,-17.971161
"18110","Hyalomma truncatum",27.58003,-17.943622
"18111","Hyalomma truncatum",25.752651,-17.940107
"18112","Hyalomma truncatum",25.793671,-17.933604
"18113","Hyalomma truncatum",25.727114,-17.93191
"18114","Hyalomma truncatum",28.630349,-17.925842
"18115","Hyalomma truncatum",29.871689,-17.920497
"18116","Hyalomma truncatum",29.293362,-17.919872
"18117","Hyalomma truncatum",30.806672,-17.911208
"18118","Hyalomma truncatum",28.485866,-17.907809
"18119","Hyalomma truncatum",30.751452,-17.899406
"18120","Hyalomma truncatum",31.464764,-17.896998
"18121","Hyalomma truncatum",29.399,-17.885732
"18122","Hyalomma truncatum",31.589199,-17.877486
"18123","Hyalomma truncatum",25.724361,-17.874162
"18124","Hyalomma truncatum",27.96592,-17.867643
"18125","Hyalomma truncatum",28.681062,-17.865231
"18126","Hyalomma truncatum",25.793034,-17.863019
"18127","Hyalomma truncatum",27.473393,-17.860422
"18128","Hyalomma truncatum",30.756965,-17.854475
"18129","Hyalomma truncatum",32.642556,-17.848699
"18130","Hyalomma truncatum",29.0292,-17.841586
"18131","Hyalomma truncatum",32.817417,-17.841
"18132","Hyalomma truncatum",27.831144,-17.838591
"18133","Hyalomma truncatum",29.511324,-17.818578
"18134","Hyalomma truncatum",25.75107,-17.818191
"18135","Hyalomma truncatum",31.975683,-17.817092
"18136","Hyalomma truncatum",27.761131,-17.802072
"18137","Hyalomma truncatum",29.328864,-17.785961
"18138","Hyalomma truncatum",27.469485,-17.782516
"18139","Hyalomma truncatum",30.002851,-17.755219
"18140","Hyalomma truncatum",28.575311,-17.739873
"18141","Hyalomma truncatum",27.398159,-17.70384
"18142","Hyalomma truncatum",28.523356,-17.693238
"18143","Hyalomma truncatum",27.271142,-17.678444
"18144","Hyalomma truncatum",31.829078,-17.677158
"18145","Hyalomma truncatum",28.978613,-17.673956
"18146","Hyalomma truncatum",31.746219,-17.649836
"18147","Hyalomma truncatum",27.896759,-17.637727
"18148","Hyalomma truncatum",31.860512,-17.557951
"18149","Hyalomma truncatum",31.944081,-17.557776
"18150","Hyalomma truncatum",31.465268,-17.520289
"18151","Hyalomma truncatum",32.001655,-17.509087
"18152","Hyalomma truncatum",31.954003,-17.482612
"18153","Hyalomma truncatum",31.610178,-17.450345
"18154","Hyalomma truncatum",32.305747,-17.425065
"18155","Hyalomma truncatum",27.577348,-17.423053
"18156","Hyalomma truncatum",31.936445,-17.408429
"18157","Hyalomma truncatum",31.999909,-17.389055
"18158","Hyalomma truncatum",31.757836,-17.371237
"18159","Hyalomma truncatum",27.806935,-17.352941
"18160","Hyalomma truncatum",27.851983,-17.3162
"18161","Hyalomma truncatum",27.725964,-17.304555
"18162","Hyalomma truncatum",32.23275,-17.301528
"18163","Hyalomma truncatum",32.92863,-17.260677
"18164","Hyalomma truncatum",32.21525,-17.232856
"18165","Hyalomma truncatum",30.131918,-17.203326
"18166","Hyalomma truncatum",31.813965,-17.195222
"18167","Hyalomma truncatum",32.367355,-17.140933
"18168","Hyalomma truncatum",31.019403,-17.107119
"18169","Hyalomma truncatum",30.927504,-17.059683
"18170","Hyalomma truncatum",31.043113,-17.055777
"18171","Hyalomma truncatum",32.734458,-17.043073
"18172","Hyalomma truncatum",31.580334,-17.022595
"18173","Hyalomma truncatum",30.918073,-17.02032
"18174","Hyalomma truncatum",31.02893,-17.010929
"18175","Hyalomma truncatum",31.172936,-17.00788
"18176","Hyalomma truncatum",31.443864,-16.977089
"18177","Hyalomma truncatum",32.803083,-16.961417
"18178","Hyalomma truncatum",31.507294,-16.927502
"18179","Hyalomma truncatum",31.396488,-16.904841
"18180","Hyalomma truncatum",31.148404,-16.887046
"18181","Hyalomma truncatum",31.071726,-16.874386
"18182","Hyalomma truncatum",28.531386,-16.870557
"18183","Hyalomma truncatum",31.474135,-16.86988
"18184","Hyalomma truncatum",32.235371,-16.865536
"18185","Hyalomma truncatum",31.218509,-16.854849
"18186","Hyalomma truncatum",31.166479,-16.827487
"18187","Hyalomma truncatum",28.535811,-16.820186
"18188","Hyalomma truncatum",28.507447,-16.817498
"18189","Hyalomma truncatum",28.401473,-16.814058
"18190","Hyalomma truncatum",30.607093,-16.805769
"18191","Hyalomma truncatum",31.992864,-16.80103
"18192","Hyalomma truncatum",31.886834,-16.786602
"18193","Hyalomma truncatum",28.543092,-16.769811
"18194","Hyalomma truncatum",28.473104,-16.766296
"18195","Hyalomma truncatum",31.652103,-16.764204
"18196","Hyalomma truncatum",31.855574,-16.756452
"18197","Hyalomma truncatum",29.4651,-16.749565
"18198","Hyalomma truncatum",28.952232,-16.745147
"18199","Hyalomma truncatum",28.58353,-16.717538
"18200","Hyalomma truncatum",31.551816,-16.716803
"18201","Hyalomma truncatum",28.648916,-16.710077
"18202","Hyalomma truncatum",31.154426,-16.708481
"18203","Hyalomma truncatum",28.981166,-16.698393
"18204","Hyalomma truncatum",31.538599,-16.686617
"18205","Hyalomma truncatum",32.053272,-16.683706
"18206","Hyalomma truncatum",28.940701,-16.680167
"18207","Hyalomma truncatum",32.398577,-16.677488
"18208","Hyalomma truncatum",32.002176,-16.674658
"18209","Hyalomma truncatum",29.49427,-16.668019
"18210","Hyalomma truncatum",32.305836,-16.663949
"18211","Hyalomma truncatum",31.915135,-16.659276
"18212","Hyalomma truncatum",32.607589,-16.656907
"18213","Hyalomma truncatum",29.807503,-16.656376
"18214","Hyalomma truncatum",31.741077,-16.652317
"18215","Hyalomma truncatum",31.602026,-16.648032
"18216","Hyalomma truncatum",32.349302,-16.639139
"18217","Hyalomma truncatum",29.817193,-16.629806
"18218","Hyalomma truncatum",32.287788,-16.620043
"18219","Hyalomma truncatum",32.072136,-16.615003
"18220","Hyalomma truncatum",31.976609,-16.612457
"18221","Hyalomma truncatum",31.696653,-16.611213
"18222","Hyalomma truncatum",29.498643,-16.609419
"18223","Hyalomma truncatum",32.16482,-16.609315
"18224","Hyalomma truncatum",31.63518,-16.608596
"18225","Hyalomma truncatum",31.132983,-16.604157
"18226","Hyalomma truncatum",32.002141,-16.5767
"18227","Hyalomma truncatum",32.372834,-16.573175
"18228","Hyalomma truncatum",31.566199,-16.573038
"18229","Hyalomma truncatum",32.288669,-16.571521
"18230","Hyalomma truncatum",29.071966,-16.542573
"18231","Hyalomma truncatum",29.025797,-16.529855
"18232","Hyalomma truncatum",31.176256,-16.422821
"18233","Hyalomma truncatum",29.524599,-16.397001
"18234","Hyalomma truncatum",29.675866,-16.390277
"18235","Hyalomma truncatum",29.816721,-16.38449
"18236","Hyalomma truncatum",30.817382,-16.383303
"18237","Hyalomma truncatum",31.810496,-16.372979
"18238","Hyalomma truncatum",30.958271,-16.366532
"18239","Hyalomma truncatum",29.271711,-16.29686
"18240","Hyalomma truncatum",30.245713,-16.28017
"18241","Hyalomma truncatum",29.199342,-16.270472
"18242","Hyalomma truncatum",29.577272,-16.258696
"18243","Hyalomma truncatum",29.509693,-16.225894
"18244","Hyalomma truncatum",29.355325,-16.189615
"18245","Hyalomma truncatum",29.356868,-16.146605
"18246","Hyalomma truncatum",29.439009,-16.145517
"18247","Hyalomma truncatum",29.102081,-16.140736
"18248","Hyalomma truncatum",29.002375,-16.11807
"18249","Hyalomma truncatum",29.334747,-16.109136
"18250","Hyalomma truncatum",29.39813,-16.098938
"18251","Hyalomma truncatum",28.989196,-16.056795
"18252","Hyalomma truncatum",29.464071,-16.041157
"18253","Hyalomma truncatum",28.91454,-16.006631
"18254","Hyalomma truncatum",29.41003,-15.99461
"18255","Hyalomma truncatum",29.776471,-15.767887
"18256","Hyalomma truncatum",29.728511,-15.760671
"18257","Hyalomma truncatum",29.340519,-15.741364
"18258","Hyalomma truncatum",29.753706,-15.715799
"18259","Hyalomma truncatum",30.014056,-15.697873
"18260","Hyalomma truncatum",29.803934,-15.697401
"18261","Hyalomma truncatum",31.08333333,-21.85
"18262","Hyalomma truncatum",27.66666667,-19.5
"18263","Hyalomma truncatum",32.66666667,-18
"18264","Hyalomma truncatum",29.5,-16.5
